
     Value-Weight Dollar Returns      All 4 Data Items Not Reqd
                -- BE/ME --   --- E/P ---   --- CE/P --   ------  Yld  -----
          Mkt   High    Low   High    Low   High    Low   High    Low   Zero
197501  17.79  16.73  17.76  17.23  18.01  16.40  18.18  15.21  19.12   9.98
197502  13.41  15.49  12.55  15.44  12.35  15.14  12.52  13.46  13.04   7.13
197503  -1.04  -0.67  -0.78  -0.55  -1.15  -1.31  -0.29  -1.46  -1.06   0.98
197504   4.62   4.12   4.60   3.89   4.54   3.09   4.82   2.29   5.60  -1.41
197505  -0.72  -1.48  -0.95   0.28  -0.97   0.85  -0.98  -0.84  -1.32  -4.28
197506  -4.00  -4.45  -5.06  -3.00  -5.61  -4.12  -4.06  -3.93  -4.30  -3.38
197507  -4.44  -4.98  -3.98  -4.61  -3.72  -3.48  -4.39  -3.68  -4.40  -3.53
197508  -0.17   0.16  -0.46  -0.14  -0.52  -0.45  -0.76  -0.32  -0.80  -6.17
197509  -4.47  -4.05  -4.50  -4.56  -4.45  -5.13  -5.13  -4.22  -4.99  -3.32
197510   8.66   9.02   7.11  10.49   7.38  10.17   9.23  10.04   7.32   9.93
197511   2.26   2.68   1.61   2.73   1.46   1.80   2.44   1.41   2.58  -1.51
197512   2.09   3.62   0.95   2.99   1.36   3.68   1.48   3.29   0.87   2.83
197601   5.19   8.13   2.92   6.35   4.61   7.69   2.55   7.18   3.46  14.41
197602  -0.64   0.36  -1.09   0.30  -0.86   1.83  -1.05  -0.35  -1.15   1.50
197603  -1.75  -2.36  -1.97  -0.60  -1.75  -1.07  -0.67  -2.07  -1.51  -5.99
197604  -0.23  -0.99  -0.18   0.03  -0.64  -0.15  -0.60  -0.24   0.56   0.89
197605  -2.70  -3.21  -2.84  -1.99  -2.54  -2.55  -2.03  -3.11  -2.19  -1.72
197606   1.57   2.29   1.07   2.53   1.17   2.50   0.31   2.38   0.96   3.79
197607  -0.91  -1.19  -0.52  -1.35  -1.90  -0.65  -1.48  -0.56  -0.46  -1.56
197608   0.10   0.06   0.34  -0.13  -0.17  -0.53  -0.11  -0.14  -0.70   1.47
197609  -1.74  -2.19  -2.31  -1.56  -1.97  -1.99  -1.41  -1.30  -1.79  -2.61
197610  -6.41  -8.12  -6.11  -6.24  -6.42  -7.38  -5.78  -7.60  -4.86 -10.00
197611   1.49   0.67   1.56   1.53   0.61   0.82   0.67   1.23   1.97   1.81
197612  11.14  11.25  10.88  13.45  11.29  12.03  10.83   9.23  10.70  10.25
197701  -0.70   0.31  -1.12  -0.81  -0.79   0.53  -1.47   1.64  -2.53   9.31
197702   2.01   3.42   1.68   2.88   1.29   3.16   1.31   4.06   1.86   2.58
197703   0.57   1.87  -0.55   0.46   1.00   1.91   0.47   1.30  -0.49   0.59
197704   2.30   3.63   0.97   2.29   3.01   4.10   2.34   4.10   1.49   5.46
197705  -0.45  -0.10  -0.27   0.69  -0.85   0.03  -0.87  -0.26  -0.18  -0.20
197706   2.47   2.24   2.21   3.04   1.69   2.63   1.78   2.74   2.68  -0.58
197707  -1.21   0.29  -2.77  -0.79  -1.56   0.63  -2.28   0.94  -3.28  -1.18
197708   3.72   2.69   3.92   4.54   3.89   4.00   4.04   4.39   3.74   3.86
197709   2.79   2.40   3.67   3.45   1.16   0.81   3.44   1.73   3.07   0.44
197710   1.57   1.62   0.99   1.55   1.06   1.63   1.28   2.25   0.98   0.15
197711  -0.20   0.24  -0.70   0.14  -0.67  -0.27  -0.93   0.04  -0.62  -1.11
197712   4.16   5.78   2.52   4.92   3.05   5.42   3.04   6.40   1.85   3.42
197801   0.43   2.61  -0.35   2.03  -0.84   1.56  -1.02   1.65   0.57   2.34
197802   0.96   1.83   0.56   2.47  -0.13   1.60   0.55   1.14   0.64  -2.84
197803   7.10   7.48   6.78   7.58   6.89   7.92   6.56   8.01   6.65   7.81
197804  -0.29   0.05  -0.20   0.67  -1.05   0.40  -1.00  -0.92  -0.20   1.64
197805   1.95   3.90   0.82   1.53   2.34   4.08   1.10   2.75   1.23   8.24
197806   4.63   2.78   5.01   4.54   5.10   3.18   5.79   4.35   5.14   2.68
197807   7.86   8.25   8.40   7.56   8.32   8.56   8.37   8.25   7.62  10.64
197808   2.74   2.54   3.36   2.76   3.22   2.09   3.09   2.28   3.45   7.43
197809   3.09   1.83   3.92   3.34   2.25   1.87   3.81   2.07   4.85   2.84
197810   4.99   6.18   4.76   4.43   5.31   4.80   4.86   6.23   3.83   5.28
197811  -8.23  -7.14  -9.00  -8.27  -7.56  -6.89  -8.64  -7.97  -7.96  -8.90
197812   4.56   6.09   3.50   4.93   4.01   5.88   3.00   5.55   4.03   6.41
197901   0.63   1.72   0.44   0.08   0.50   0.50   0.70   0.56   0.57   3.16
197902  -0.02  -0.08  -0.23  -0.38  -0.06  -1.44  -0.21  -0.78   0.10  -0.79
197903   2.91   2.29   4.09   1.76   3.95   1.13   4.18   0.91   4.64   4.83
197904   0.23   0.88   0.60   1.14  -0.70  -0.27  -0.30  -1.21   0.83  -0.78
197905  -2.00  -2.14  -2.08  -2.08  -1.23  -1.23  -3.14  -0.37  -3.50  -0.61
197906   2.37   2.34   1.40   2.24   2.24   1.77   1.64   1.77   1.92   7.52
197907   0.67   0.42   1.54   0.46   0.71   0.40   1.45   1.07   0.06   4.77
197908   3.33   3.57   3.05   3.52   3.49   4.12   3.13   3.24   3.69   1.91
197909   4.38   4.24   4.27   3.91   4.17   2.55   3.91   2.99   4.99   3.85
197910  -8.45  -8.76  -8.86  -8.57  -8.70  -9.81 -10.10  -8.52  -8.13  -3.01
197911   2.16   1.14   2.15   1.87   2.17   1.01   1.99   1.53   1.64   0.00
197912   3.63   3.70   3.30   4.32   3.22   4.23   3.30   4.23   2.94   3.94
198001   5.84   5.05   5.54   5.50   5.78   5.25   5.93   5.05   4.41  11.70
198002   1.07  -1.30   2.86  -0.39   1.94   0.01   1.11  -0.33   1.48   6.12
198003 -12.15 -11.16 -12.77 -11.56 -12.97 -11.67 -12.20 -10.76 -12.16 -10.27
198004   8.68   8.47   9.09   7.77   9.33   7.14   8.52   8.84  10.01   7.16
198005   5.09   4.39   4.70   5.51   4.73   5.46   4.67   4.28   4.71   1.83
198006   6.75   6.05   7.30   5.24   7.98   4.88   9.76   5.39   7.86   4.89
198007   0.13   0.28   0.02   0.38   0.99   0.26   0.33   0.67  -0.38   1.42
198008   2.98   4.11   2.86   3.75   2.67   2.88   3.33   3.10   3.41  -4.59
198009   2.80   1.37   3.32   3.70   2.70   3.35   2.29   1.98   3.60  -0.48
198010   3.46   2.44   4.44   5.73   3.79   4.50   2.95   1.69   4.95  -0.32
198011  -1.60  -2.37  -1.47  -1.21  -1.96  -1.07  -1.87  -2.09  -2.20  -2.59
198012  -0.08   1.41  -1.21   0.33   0.24  -0.40  -0.48   1.71  -0.98  -0.53
198101  -1.16  -0.33  -1.57  -1.92  -0.53  -1.69  -1.50  -1.13  -1.01   7.69
198102  -1.38   0.85  -1.68  -1.00  -0.90  -0.99   0.01  -0.73  -0.36  -4.43
198103   4.27   5.85   2.70   6.47   3.54   5.73   2.35   3.92   4.13   2.67
198104   2.30   6.49  -0.32   5.93   0.15   5.29   1.15   4.25   1.22  -6.03
198105  -3.63  -3.46  -2.50  -2.28  -3.66  -3.33  -3.13  -4.36  -2.45  -5.56
198106   0.70   2.60  -0.89   0.95   0.38   1.34  -0.09   0.23  -0.70   0.73
198107  -4.30  -3.75  -4.81  -2.07  -5.87  -2.88  -6.02  -4.54  -4.36  -8.13
198108   2.74   1.82   2.91   1.47   3.03   2.76   2.65   4.19   1.74   4.80
198109 -10.83 -10.92 -10.83 -12.24  -8.87 -11.71 -11.31  -7.74 -11.69  -7.26
198110   1.09   0.63   2.40   1.04   1.48   0.94   1.01  -0.10   2.69  -0.70
198111  11.52  10.82  11.11   9.37  12.43   9.85  12.33  11.95  11.58   9.48
198112  -1.43  -1.36  -2.22  -0.52  -1.17  -0.09  -2.05  -1.35  -1.11  -2.50
198201  -2.30  -1.24  -2.15  -3.06  -2.26  -2.63  -2.26  -3.15  -1.73  -3.11
198202  -6.37  -3.76  -6.98  -5.59  -6.62  -5.81  -7.45  -5.11  -7.18  -9.03
198203  -4.05  -5.22  -4.24  -5.66  -3.59  -3.04  -4.92  -3.26  -5.30   1.47
198204   4.59   4.24   4.80   5.15   4.63   4.43   4.89   3.92   5.55   1.55
198205  -1.09  -1.76  -0.42  -2.23  -0.67  -2.64  -0.04  -2.96   0.31  -3.01
198206  -8.02  -8.65  -7.29  -8.45  -7.62  -9.38  -6.87  -8.81  -7.28 -11.27
198207  -0.35  -0.59  -0.23  -1.05  -0.20  -1.67  -0.83  -1.26  -0.37   2.89
198208   1.04   0.39   1.05   1.11   1.12   1.68   0.78   0.62   1.50   0.65
198209  -0.90  -2.18   0.74  -1.88  -0.05  -2.81   1.36  -2.67   0.62  -6.63
198210   0.96   1.97   0.19   3.15  -0.31   3.20  -0.21   2.22   0.77   1.60
198211   7.14   6.56   7.29   7.70   6.65   7.49   8.13   7.15   8.05   6.06
198212   8.16   8.94   6.92   9.84   6.94   9.94   6.77   9.45   7.58   8.42
198301  -0.24   2.95  -1.03  -1.43   0.33   1.44  -1.53   1.82  -1.14  13.91
198302   2.89   5.30   2.21   3.02   2.66   5.09   2.04   5.13   2.04   7.27
198303   2.87   2.30   1.51   4.43   2.19   2.39   2.99   2.74   2.65   1.09
198304   6.25   5.13   6.16   6.62   6.41   5.22   6.24   6.14   6.03   8.90
198305   0.00   0.24   1.03  -1.20   0.70  -0.72   2.06  -1.67   1.21   0.33
198306   1.64   0.89   1.32   2.33   1.13   2.56   0.26   1.43   1.31  -0.38
198307   0.50   0.06   1.02   0.23   1.05  -0.49   0.20  -1.24   1.46  -0.05
198308  -1.40  -1.62  -1.56  -1.58  -1.22  -0.56  -0.29  -0.43  -1.96   0.63
198309   3.39   3.50   2.73   4.38   2.44   5.06   1.01   3.80   3.08   3.61
198310  -0.32   0.39  -0.39   0.26  -0.92   0.52  -0.84  -0.14  -0.59  -3.28
198311   2.26   3.25   2.63   1.45   1.76   1.71   2.18   1.36   3.01   1.22
198312   3.81   5.00   2.48   5.03   2.33   5.74   2.31   5.23   2.39   2.63
198401   4.01   4.70   2.03   5.62   0.96   5.09   1.21   5.52   0.71   5.74
198402   0.94   0.74   0.50   0.86  -0.05  -0.23   0.09   1.58  -0.30  -2.04
198403   8.44   7.08   7.27   6.47   7.24   5.80   6.80   7.66   6.63   3.88
198404  -1.62  -2.26  -2.71  -0.86  -1.94  -1.99  -2.95  -0.63  -3.13  -1.79
198405  -9.92  -9.44 -10.71  -9.38 -10.07  -8.82  -9.48  -8.30 -11.14  -7.14
198406  -0.81  -1.41   0.27  -1.26   0.26  -1.60  -0.64  -1.70  -0.07   0.26
198407  -6.20  -5.57  -6.61  -5.82  -5.96  -5.67  -5.98  -5.44  -5.96  -9.34
198408   9.48   7.70  10.96   8.99  10.61   9.88  11.20   6.69  11.92   8.04
198409  -0.77  -2.52   0.81  -1.26  -0.49  -1.32  -0.29  -2.06  -0.06  -2.88
198410   1.75   2.29   1.18   2.12   1.85   0.23   1.63   1.90   0.39   0.94
198411   0.46   1.40  -1.19   1.06  -1.41  -0.27  -1.73   2.18  -3.08  -3.64
198412   2.04   5.85  -0.31   4.24  -0.28   4.48   0.05   5.37  -0.12  -0.68
198501   2.73   3.86   2.35   2.75   2.60   1.68   3.04   0.83   2.96   8.11
198502  -0.44  -2.55   1.18  -2.17   1.59  -1.81  -3.89  -2.89   0.92   1.88
198503   7.23   5.62   7.91   4.87   7.79   6.55   6.03   8.28   5.72  20.37
198504  -0.63   0.41  -1.28   0.62  -1.74  -0.48  -0.03   0.10  -1.25   2.00
198505   4.55   3.04   5.52   3.37   4.95   4.91   2.14   7.08   3.30   7.28
198506   1.99   2.78   1.71   2.41   2.14   2.42  -1.00   2.39   1.39   2.09
198507   5.58   6.62   6.08   3.87   5.95   5.39   5.25   7.54   4.57   3.47
198508   2.96   4.03   2.07   3.62   1.90   4.47   3.97   4.81   1.53   0.82
198509   4.79   5.51   2.79   7.01   2.86   8.81   3.94  11.07   2.10   3.84
198510   6.04   5.20   7.00   5.65   5.97   3.05   7.96   1.47   8.57   5.94
198511   4.43   4.60   4.75   3.83   4.08   3.76   4.60   3.03   4.69   2.19
198512   4.27   3.58   3.77   4.91   4.21   6.56   4.05   3.60   4.59   7.93
198601   2.23   3.92   1.34   3.69   2.05   3.01   4.55   2.54   2.33   5.71
198602  10.30   8.76  10.08   7.94  10.01   8.70   9.17  12.90   9.18  12.00
198603  13.40  11.13  14.44  10.77  13.86  11.84  12.79  12.66  13.00  11.81
198604   6.00   8.93   4.68  10.57   3.51   8.19   6.56   4.90   4.83   5.89
198605  -2.56  -4.26  -1.48  -4.53  -1.44  -5.04  -0.89  -3.06  -1.79   1.97
198606   4.98   4.37   4.79   4.53   3.89   4.47   4.42   7.19   3.74   6.52
198607   6.36   0.56   8.87   1.65   6.97   8.04   4.54  12.60   5.97   7.62
198608   8.67  12.30   8.44  10.28   7.62  10.88   4.54   7.95   7.25  -0.17
198609   0.10   2.14  -0.18   1.35  -2.91   5.90  -1.34   3.86  -2.12  -7.11
198610  -5.89  -5.65  -6.07  -3.89  -4.94  -5.90  -4.81  -9.08  -3.51  -4.86
198611   4.53   2.84   4.80   2.48   5.48   1.86   6.39   3.91   5.14   5.06
198612   5.76   5.91   6.52   5.77   6.62   6.00   6.51   5.58   6.65   0.94
198701  12.52   4.80  16.62   4.17  13.34   5.11   5.13   7.96  15.93   7.98
198702   1.84   1.97   2.48   0.74   1.62   2.36   5.10   2.99   1.68   9.23
198703   8.63   5.38   9.72   4.34  10.12   3.71   6.80   7.18   9.91  10.00
198704  10.84   8.38  11.79   7.64  10.48   8.98   5.97   8.95  11.85  14.97
198705  -0.81   3.32  -2.74   2.14  -1.16   0.05   2.70  -0.49  -2.25  -1.55
198706  -3.19   4.49  -5.79   3.30  -3.71   2.63  -2.83   0.01  -5.44  -5.73
198707   0.69   3.79  -0.19   3.52  -0.20   1.25   2.04  -0.01   0.50   1.06
198708   6.86   3.92   8.11   4.79   6.58   4.59   5.45   7.68   7.46  12.38
198709  -1.29   4.96  -3.47   3.92  -2.56   4.48  -1.65   1.03  -3.22   2.32
198710 -14.95 -16.87 -14.95 -16.08 -14.57 -15.78 -16.92 -11.59 -16.56  -8.38
198711   1.14   1.77   1.04   1.88   0.90   1.01   1.45   1.16   1.41   0.97
198712   3.61   6.59   2.03   6.52   3.52   4.47   4.99   4.41   2.71  -3.98
198801   1.11  -0.46   1.24   1.11  -0.03  -0.72  -1.14   0.21   0.89   3.07
198802   6.81   8.12   5.99   9.49   5.05   8.22   4.37   9.01   5.40   6.56
198803   5.80   7.79   5.23   6.55   5.66   7.14   5.12   6.11   4.95  13.07
198804   1.34   2.81   0.56   1.32   1.76   3.03   2.13   2.13   0.56  -1.78
198805  -2.90  -2.28  -3.52  -3.63  -2.86  -3.32  -3.29  -1.37  -4.28   7.38
198806  -1.88   0.88  -3.31  -0.91  -2.91   0.76  -4.65   2.15  -3.26   3.56
198807   2.39   6.69   1.35   5.06   1.50   8.71   1.30   3.34   1.34   1.30
198808  -6.42  -8.12  -6.04  -7.74  -5.51  -9.11  -5.41  -7.22  -6.17  -8.61
198809   3.52   3.85   2.20   3.26   2.04   3.96   0.24   5.95   1.00   9.58
198810   6.50   5.57   6.19   7.50   4.44   5.58   1.41   8.79   5.23  11.55
198811   6.54   6.35   6.01   6.56   5.71   6.16   4.12   6.30   6.53   9.81
198812   0.44   2.84   0.29   2.94  -0.11   2.95  -1.75   1.41   0.52  -4.01
198901   1.38   2.39   0.29   2.26   0.79   2.22   1.73   3.69  -0.69   4.11
198902   0.53   0.49   0.13   0.74   0.58  -1.19   1.37   1.13  -1.06   7.05
198903  -2.14  -0.44  -2.70  -2.32  -2.65  -4.24  -0.49  -2.64  -3.13   2.48
198904   1.32   2.67   0.52   1.32   1.41   2.08   1.36   2.98   0.09   5.23
198905  -4.57  -2.01  -5.58  -2.54  -6.05  -1.26  -5.52  -3.64  -4.61  -2.79
198906  -1.81  -1.00  -1.95  -1.32  -2.04  -1.78  -2.32  -2.18  -0.81  -4.64
198907  12.14   9.82  13.19  11.20  13.41  10.45  12.59  11.09  13.19   8.22
198908  -4.60  -3.28  -4.62  -3.55  -5.78  -5.24  -5.02  -5.97  -3.83  -8.88
198909   5.16   5.99   4.61   5.24   5.70   4.09   6.11   5.22   4.58   4.90
198910  -4.33  -3.97  -4.37  -4.02  -4.55  -3.70  -2.22  -3.60  -5.67  -4.30
198911   5.02   2.83   5.82   4.08   6.28   4.19   3.97   4.94   4.96   7.45
198912   3.91   4.36   3.24   3.31   3.42   3.28   2.60   3.38   4.32   3.97
199001  -3.65  -1.81  -4.79  -2.23  -4.80  -2.53  -4.21  -2.85  -4.61  -4.06
199002  -6.66  -5.91  -7.01  -6.16  -6.88  -5.45  -6.23  -5.81  -7.38  -4.65
199003  -9.10  -7.34 -10.43  -6.63  -9.84  -6.88 -11.42  -9.32  -7.98 -11.13
199004  -1.73  -1.38  -1.49  -1.25  -2.60  -1.40  -0.41  -0.48  -3.40  -0.68
199005  11.32   9.77  12.59  10.15  13.20   9.04  13.25  10.89  12.16  14.15
199006  -0.63   0.52  -1.17   0.07  -0.95   0.08  -0.52  -1.07   0.33  -5.71
199007   2.19   2.24   2.41   1.58   2.56   0.70   2.65   2.21   2.39   3.13
199008 -10.11 -10.91  -9.84 -11.14 -10.77  -9.74 -10.69  -9.19  -9.63 -14.39
199009 -13.50 -13.05 -14.77 -13.87 -13.78 -12.75 -13.38 -13.53 -14.59 -17.36
199010  15.55  12.72  16.12  12.61  18.65  14.01  18.13  13.85  14.65  23.75
199011  -5.76  -5.70  -6.69  -4.71  -8.34  -6.17  -8.03  -6.52  -4.85 -13.25
199012   1.48   0.14   2.36   0.67   2.18   1.57   0.51   1.35   2.14   3.48
199101   3.13   3.21   3.03   3.00   1.82   3.26   2.02   3.39   3.32   4.58
199102   9.85  13.25   7.86  13.65   9.36  11.32  10.91  12.77   6.52  16.87
199103  -5.06  -5.47  -4.83  -5.26  -5.13  -5.47  -5.67  -5.74  -4.05  -6.90
199104   1.60   1.29   1.38   1.14   0.69   0.41   1.09   1.17   2.09   0.26
199105  -0.38  -1.01  -0.61  -1.17  -1.08  -0.85  -1.15  -0.33  -0.49   0.85
199106  -6.73  -6.92  -7.01  -6.11  -7.04  -5.35  -6.72  -6.76  -6.60  -9.10
199107   4.80   5.49   4.16   5.09   3.87   4.62   4.45   4.92   4.02   5.09
199108  -2.01  -2.65  -1.72  -2.44  -2.55  -1.79  -3.58  -2.18  -2.00  -2.13
199109   5.20   5.65   4.66   5.40   5.19   3.95   8.31   6.16   3.84   7.15
199110   1.85   0.48   3.34   0.47   2.58   0.36   2.20   0.00   4.27   0.15
199111  -4.31  -6.05  -4.04  -5.62  -3.29  -4.22  -5.58  -5.38  -3.38  -6.37
199112   4.89   4.44   5.38   4.37   5.42   4.16   6.32   5.19   5.01   5.11
199201  -2.55   0.21  -3.52  -0.28  -4.03  -1.05  -1.73  -1.35  -3.49  -3.02
199202  -3.24  -3.26  -3.58  -2.52  -4.17  -2.04  -1.83  -3.11  -4.05  -2.78
199203  -6.40  -5.98  -6.96  -5.42  -7.41  -5.29  -6.13  -5.99  -7.27  -7.84
199204   0.23   4.77  -2.37   3.58  -2.61   4.36  -0.42   3.20  -2.79  -1.47
199205   6.31   5.92   6.75   6.00   6.94   5.92   6.30   6.09   6.82   9.63
199206  -4.30  -4.45  -4.48  -3.40  -5.32  -4.18  -3.97  -5.03  -4.28  -5.80
199207  -2.44  -5.00  -1.17  -3.92  -0.55  -3.24  -3.36  -3.32  -0.99  -3.13
199208   5.98   2.96   8.30   4.14   8.44   3.28   6.08   4.19   8.47   7.48
199209  -2.58  -2.36  -2.59  -4.19  -2.31  -4.29  -2.66  -2.21  -3.30  -3.14
199210  -5.30  -4.75  -4.83  -4.41  -5.33  -5.67  -5.58  -5.07  -4.52  -9.71
199211   1.10   0.91   1.60   0.97   1.11   0.42   1.00   0.49   1.64   0.80
199212   0.50   1.10   0.17   0.83  -0.12   1.65  -0.71   0.93   0.10  -1.38
199301   0.14   2.53  -0.59   1.67  -0.41   1.56  -0.92   2.11  -1.04   4.15
199302   3.17   3.08   2.64   3.32   2.92   4.08   1.52   3.63   2.79   1.60
199303   9.58  12.79   7.18  10.37   7.18  14.13   7.53  11.45   5.74   9.80
199304   8.86  10.80   7.30   8.94   8.05   9.02   7.43  10.61   7.36  11.24
199305   2.51   2.14   3.61   1.59   4.11   0.89   1.89   1.84   4.18   4.97
199306  -3.03  -3.56  -2.40  -3.92  -2.27  -3.98  -4.24  -3.08  -2.09  -5.13
199307   4.53   5.54   4.14   5.33   4.32   5.86   3.59   5.02   4.44   1.49
199308   5.16   5.92   5.02   5.40   5.01   4.98   5.39   4.57   5.24   5.18
199309  -2.93  -2.57  -3.07  -1.65  -3.10  -2.99  -0.82  -2.99  -2.75  -6.83
199310   2.58   2.61   2.90   2.49   3.34   3.35   0.85   2.73   3.09  -2.30
199311  -8.21  -7.43  -9.13  -6.77  -9.51  -6.65  -7.41  -6.90  -9.07  -7.95
199312   6.71   8.78   5.42   7.63   6.37   8.16   5.49   6.19   6.69   9.94
199401  10.00  12.47   9.28   8.91  10.96  11.83  10.04   9.70  10.01  15.41
199402  -0.99   0.12  -1.55  -1.14  -1.18   0.25  -0.93  -1.20  -1.25  -0.66
199403  -3.45  -2.37  -3.94  -3.67  -4.01  -2.25  -2.01  -2.74  -4.16   0.52
199404   3.72   4.33   3.56   2.39   4.35   3.35   3.16   3.87   3.18   4.48
199405  -0.67   0.21  -1.51  -0.88  -1.03  -0.97  -1.37  -0.64  -0.96  -0.84
199406   1.59   2.18   1.11   2.34   1.00   2.25   2.04   2.23   1.04   3.67
199407   0.83   0.42   0.90   1.59   1.01   0.69   1.43   0.72   0.78   0.09
199408   2.25   2.33   2.31   1.87   2.02   3.71   2.64   2.10   1.93   1.82
199409  -2.98  -2.73  -2.94  -2.72  -3.14  -2.96  -2.06  -2.32  -2.69  -2.83
199410   3.51   3.82   3.10   2.77   3.55   4.10   2.51   3.63   3.21   3.38
199411  -5.29  -5.72  -5.04  -4.61  -5.60  -6.03  -4.46  -5.24  -5.39  -6.48
199412   1.10   0.69   1.79   1.04   1.51   1.22   0.33   0.44   1.73   0.43
199501  -4.05  -3.85  -3.83  -3.33  -4.08  -4.87  -4.26  -3.34  -3.77  -4.34
199502  -0.21  -0.34   0.11   0.76  -0.80   0.94  -0.61   0.32  -0.21  -1.82
199503   5.60   5.70   6.36   6.27   5.73   6.51   6.21   6.15   5.35   2.03
199504   4.16   2.94   4.78   3.60   5.16   3.45   3.81   3.32   5.24   2.55
199505  -1.14  -0.77  -1.40  -0.09  -1.18  -1.02  -1.47  -0.64  -0.46  -4.06
199506  -1.41  -1.02  -1.27  -0.16  -2.12   0.05  -0.10  -0.95  -2.17  -3.41
199507   5.70   5.38   5.77   4.60   7.04   4.92   5.51   3.34   7.74   7.08
199508  -3.00  -3.03  -2.98  -2.54  -3.46  -1.76  -1.74  -3.42  -3.69  -1.55
199509   1.05   0.37   1.24   1.97   0.86   1.11   0.42   1.48   1.42   0.05
199510  -1.65  -1.52  -1.44   0.19  -2.53  -2.79  -1.44  -0.39  -2.61  -4.91
199511   2.29   2.47   2.26   1.42   3.20   0.33   1.63   1.01   2.93   2.14
199512   3.76   4.38   3.51   3.31   4.17   3.18   2.66   3.27   3.43   3.09
199601   0.45   1.68   0.04   1.76  -0.53   1.83   0.87   1.08  -0.10  -0.04
199602   0.50   1.22   0.40   1.60  -0.13   1.89   1.48   1.07   0.20   1.44
199603   1.91   1.51   2.16   1.46   2.84   0.04   2.81   0.54   2.80   1.98
199604   2.92   3.45   2.43   2.53   2.12   3.98   3.39   3.44   2.40   4.71
199605  -0.97  -1.46  -0.69  -0.82  -1.02  -1.87  -0.59  -1.55  -1.29  -0.73
199606   0.45   0.16   0.56   0.63   0.11   0.30   0.09  -0.15   0.53  -1.63
199607  -2.93  -2.83  -3.18  -2.18  -3.77  -3.47  -3.04  -1.74  -3.64  -4.52
199608   0.08   0.35   0.18   0.07   0.67   0.48  -0.31  -0.53   0.78  -1.16
199609   3.01   2.62   2.85   3.52   2.82   2.60   3.20   2.23   2.50  -0.65
199610  -0.95  -1.35  -1.25  -1.00  -1.00  -1.53  -1.65  -0.58  -1.22  -1.25
199611   4.15   5.95   3.37   5.17   2.81   5.53   2.63   4.43   3.24   0.91
199612  -1.09  -0.51  -1.77   0.15  -2.64   1.39  -1.96  -0.01  -2.22  -3.22
199701  -3.38  -3.07  -3.87  -1.25  -4.47  -0.85  -3.05  -2.77  -4.19  -1.39
199702   1.45   1.76   1.30   2.59   1.18   1.06   0.88   1.43   1.93   0.30
199703   0.38  -0.46   0.24   0.16  -0.75   1.35   0.46   0.60  -0.13   0.06
199704   0.57  -1.20   1.33   1.25  -0.14   1.19   1.20  -0.81   1.12  -0.40
199705   7.23   8.00   7.26   6.16   7.89   6.59   7.14   6.78   7.14   8.55
199706   5.19   3.93   5.74   4.04   5.30   6.88   4.66   3.91   5.74   3.05
199707   1.96   2.46   2.43   3.86   1.19   1.26   2.00   1.43   2.81   0.44
199708  -7.04  -5.41  -7.11  -6.78  -6.90  -5.96  -7.88  -5.32  -7.78  -6.49
199709   5.64   4.41   6.31   6.02   4.60   3.38   6.66   4.46   6.25   1.10
199710  -7.06  -5.26  -8.35  -6.74  -7.94  -5.85  -6.72  -3.43  -8.58  -4.43
199711  -1.13  -4.01  -0.20  -1.26   0.06  -1.73   0.11  -1.73   0.27  -6.66
199712   0.50   0.33   0.72   0.00   0.56  -1.43   0.76   0.55   0.56  -4.41
199801   4.60  11.13   4.15   5.42   4.78   6.59   3.46   6.73   4.37  11.20
199802   6.46   9.84   5.87   8.79   6.80   6.49   5.15   7.59   5.85  12.23
199803   3.24   3.55   2.19   4.68   1.31   5.88   3.78   4.43   3.10   2.59
199804   0.73   0.96   1.24  -0.44   0.95   0.78   1.06   0.11   0.70   2.46
199805   0.18  -0.16   0.36  -1.10   0.25   0.79   0.66   0.19   0.17   0.77
199806   0.08  -2.15   0.63  -1.05   1.04  -0.03   1.25  -0.49   1.04   3.41
199807   0.60  -0.07   0.76  -0.82   0.56   1.17   0.09   0.95   1.23   2.85
199808 -12.39 -14.06 -11.17 -14.23 -10.76 -13.02  -9.98 -12.03 -11.74 -14.24
199809  -2.15  -2.98  -1.40  -3.29  -1.40  -0.99  -0.54  -3.64  -2.56  -7.20
199810  10.07   9.17  10.11  10.28  10.72   7.59   8.98  10.85  10.25  10.00
199811   5.02   4.84   4.78   5.63   4.01   3.95   4.04   3.79   5.57   7.34
199812   3.57   2.21   4.63   1.26   4.81   3.98   5.91   2.92   5.12   4.68
199901   0.03  -1.65   0.30  -0.89   0.66  -1.94   0.23  -2.60  -0.33   9.50
199902  -2.61  -0.96  -3.33  -1.39  -3.14   1.05  -3.18  -1.30  -3.69  -5.01
199903   4.38   8.48   2.69   5.85   3.43   6.71   1.50   7.36   2.54   3.62
199904   4.72  10.14   2.18   8.01   3.40  10.98   1.87   9.22   2.33   5.42
199905  -4.47  -5.44  -4.07  -3.50  -4.06  -4.32  -2.00  -4.42  -4.36  -1.78
199906   3.78   6.67   3.52   4.18   3.96   6.45   3.63   3.30   4.07   7.12
199907   3.23   5.26   2.92   4.81   2.57   7.31   2.99   5.85   2.44   4.55
199908   1.17   2.85   0.50   0.68   0.45  -0.72   1.73   1.25   0.52   0.53
199909   1.14   1.39   1.90  -0.61   2.05   0.89   2.05  -0.26   2.24   3.42
199910   4.06   0.42   4.75  -0.51   5.72   0.95   3.70  -0.39   5.90   2.62
199911   4.71  -2.08   6.13   0.08   8.46   2.03   8.38  -2.15   6.43   6.83
199912   9.49   4.80  10.35   9.96   8.77   8.05  10.34   2.95  11.37   6.59
200001  -6.32  -6.21  -6.67  -5.51  -6.76  -4.81  -5.45  -7.11  -6.00  -0.23
200002   2.97  -7.40   5.67  -1.17   6.68  -3.50   8.56  -4.33   5.94   5.13
200003   3.80   8.89   2.77   5.48   1.45   6.74   0.23   6.15   2.64  -2.41
200004  -5.31  -2.12  -6.20  -2.34  -6.41  -2.38  -6.75  -1.91  -6.53  -6.49
200005  -3.15   2.87  -5.47   1.25  -6.50   1.02  -6.87   3.01  -6.00  -6.14
200006   4.32   6.51   3.97   5.63   3.79   5.39   3.43   6.38   4.23   7.70
200007  -3.79  -3.22  -4.62  -1.56  -3.70  -2.54  -4.55  -2.66  -4.43  -6.71
200008   1.66   1.26   1.68  -0.93   1.94  -0.65   2.02   1.05   1.84   3.05
200009  -4.78  -2.34  -6.13  -1.46  -5.64  -1.82  -6.83  -1.86  -6.51  -6.45
200010  -3.02  -0.67  -4.29  -0.81  -4.89  -0.64  -5.31   0.66  -4.93  -3.61
200011  -3.22   3.02  -4.62   1.01  -4.84   2.69  -6.18   2.72  -5.79 -12.11
200012   3.07   5.03   1.39   5.91   0.57   5.46   0.21   6.52   1.24   4.39
200101   0.53   2.79   0.05   2.75  -0.05   2.77   0.24   2.80  -0.82   7.88
200102  -7.84  -3.35  -9.28  -2.87 -10.58  -2.16 -11.09  -2.54 -10.04 -13.89
200103  -7.17  -7.40  -8.05  -5.69  -8.46  -7.28  -8.50  -6.38  -8.56 -14.16
200104   7.38   8.42   8.40   6.63   8.30   7.37   8.67   7.16   6.85  12.51
200105  -3.14  -3.29  -3.52  -0.81  -4.87  -1.08  -4.14  -1.72  -3.57  -6.46
200106  -3.92  -4.02  -4.49  -1.28  -4.73  -4.34  -5.70  -1.24  -4.73 -10.07
200107  -2.14  -1.23  -2.69  -1.05  -2.59  -0.49  -2.61  -0.22  -2.47  -5.33
200108  -2.62  -0.98  -4.31   0.61  -4.50  -0.84  -6.07   1.02  -4.68  -6.39
200109 -10.01 -12.93  -8.39 -13.66  -8.07 -14.17  -6.57 -10.67  -9.37 -20.41
200110   2.83   3.50   3.05   3.59   2.83   4.12   3.46   2.20   3.27  16.45
200111   3.79   5.43   4.21   4.95   3.87   5.92   5.64   3.28   5.31   7.22
200112   0.31  -0.55   0.00   1.46  -0.32   0.87  -0.46   0.19  -0.06  -3.28
200201  -4.67  -5.82  -4.49  -2.07  -6.57  -3.66  -6.39  -2.27  -5.80  -6.40
200202   0.69  -0.36   1.62   1.96  -0.07   2.37   0.32   1.03   0.09  -1.34
200203   5.68   5.95   4.83   8.14   5.23   7.23   4.33   6.66   4.89   7.68
200204   0.70  -0.47   0.34   2.97  -0.86   1.00  -1.62   3.03  -0.33  -5.07
200205   1.62   3.61   0.09   2.40  -0.10   3.33  -0.88   3.41   0.09   0.86
200206  -4.15  -5.68  -2.90  -4.41  -4.37  -4.66  -4.31  -3.87  -3.89 -10.36
200207  -9.05  -8.25  -9.43  -9.44  -9.49  -7.72  -8.77  -8.77  -9.62  -9.45
200208  -0.30  -0.73  -1.11   0.30  -1.11  -0.98  -1.08   0.31  -1.46  -1.42
200209 -10.42 -11.22  -8.21 -10.60  -9.74 -11.37  -8.76 -11.15 -10.77 -14.69
200210   5.35   4.57   5.06   2.59   7.42   3.96   7.32   3.76   8.23   7.17
200211   4.69   7.07   2.98   5.76   5.06   7.06   4.52   4.83   5.84  10.86
200212  -2.93  -2.58  -2.80  -1.40  -4.38  -1.93  -3.47  -1.75  -3.77  -6.05
200301  -3.37  -0.34  -3.89  -2.71  -4.20   0.08  -3.29  -2.06  -4.48   0.72
200302  -1.98  -2.56  -2.09  -2.58  -1.74  -5.92  -2.21  -4.07  -2.32  -1.66
200303  -1.83  -2.89  -0.82  -3.65  -1.11  -2.83  -0.90  -3.01  -1.84  -2.63
200304   9.48  11.97   8.18  13.34   8.75  12.20   8.82  14.48   9.11  10.82
200305   6.57  10.98   6.44   6.72   5.86   8.97   6.62   8.09   6.96  10.40
200306   2.40   2.94   1.47   3.37   1.70   3.97   0.52   1.49   1.66   5.24
200307   2.35   4.57   0.56   3.96   0.81   3.09   0.79   4.79   2.14   5.07
200308   2.61   4.64   2.48   2.46   3.37   5.03   3.24   1.51   2.35   4.86
200309   3.43   7.30   3.71   3.25   3.87   2.30   3.60   3.98   3.27   5.47
200310   6.38   8.71   4.83   7.31   6.47   6.55   4.84   8.70   5.50   9.54
200311   2.17   2.23   2.37   1.79   1.73   1.00   2.65   1.60   2.18   1.32
200312   7.51   8.07   7.21   7.05   7.40   7.19   6.33   7.69   6.94   6.31
200401   1.71   3.30   1.60   0.98   1.72   2.22   1.78   2.84   1.25   7.27
200402   2.40   3.36   2.13   3.60   2.42   3.50   1.81   2.90   1.70   3.27
200403   0.58   0.81   0.12   1.10   0.47   1.21   0.06   0.50   0.21   2.18
200404  -2.60  -1.88  -2.81  -2.05  -3.10  -2.31  -2.93  -2.96  -3.23  -4.28
200405   0.33   0.18   0.18   0.23   0.50   0.44   0.56   1.30   0.36  -1.86
200406   2.16   3.14   1.85   2.80   1.52   3.96   1.29   2.84   1.35   2.95
200407  -2.92  -2.64  -3.50  -1.80  -3.41  -1.88  -4.18  -1.38  -3.57  -7.43
200408   0.22   0.86   0.04   0.34  -0.80  -0.51  -0.35   0.58  -0.03  -1.62
200409   2.83   3.17   2.22   3.04   2.93   2.23   2.46   2.62   2.90   2.56
200410   3.69   3.66   3.26   3.44   2.74   4.30   2.70   4.26   3.42   5.73
200411   6.73   8.01   6.30   5.84   7.45   6.54   6.38   6.64   7.83   9.08
200412   4.45   5.16   4.01   5.78   3.61   4.41   4.55   4.67   3.81   5.32
200501  -1.56  -0.87  -1.82  -1.49  -1.51  -0.16  -2.06  -0.96  -2.07   1.31
200502   4.14   4.08   3.86   4.65   4.06   4.34   3.73   3.97   4.94   2.05
200503  -2.27  -1.64  -2.41  -2.38  -2.05  -2.19  -2.19  -2.27  -2.13  -3.17
200504  -2.68  -3.65  -1.72  -3.25  -1.98  -3.77  -1.35  -2.28  -3.51  -5.12
200505  -0.28  -0.16  -0.30  -0.43   0.11   0.12  -0.03  -0.49   0.09   0.74
200506   2.09   1.49   2.01   3.09   1.58   2.48   1.83   2.47   2.07   1.94
200507   3.34   4.17   2.41   3.40   3.69   3.24   2.70   3.32   3.92   3.16
200508   3.23   3.44   3.64   2.94   3.04   3.43   3.15   1.88   4.38   5.82
200509   3.79   3.25   3.40   4.06   2.80   3.35   3.53   3.43   3.46   3.95
200510  -2.73  -1.43  -3.19  -3.18  -2.67  -4.04  -2.82  -2.62  -3.12   0.27
200511   2.32   1.35   2.15   2.89   2.69   1.77   2.20   2.08   1.86   4.15
200512   5.10   4.41   5.60   4.36   5.67   5.16   5.74   4.22   6.20   6.50
200601   6.21   5.28   5.91   6.67   6.60   6.25   5.69   5.57   7.43   7.25
200602  -0.21   1.58  -1.43  -0.30  -1.02  -1.45  -1.27   0.68  -1.36  -1.93
200603   3.17   3.39   3.92   2.45   3.65   3.60   3.86   1.99   4.60   5.41
200604   4.77   4.71   4.64   5.72   4.39   5.62   4.11   5.21   4.40   4.45
200605  -4.34  -4.13  -4.07  -4.06  -5.19  -3.99  -4.73  -3.37  -5.24  -6.21
200606  -0.04  -0.81   0.59  -0.63   0.72  -0.61   0.48  -0.33   0.50  -2.11
200607   1.06   1.49   0.40   1.79   0.36   1.55  -0.04   1.72   0.06  -1.42
200608   2.72   2.78   2.66   2.56   3.30   1.66   3.32   3.05   2.59   4.41
200609   0.15   1.47  -0.54   0.69  -0.13   0.82  -0.29   0.84  -0.73  -0.31
200610   4.10   5.16   3.87   4.58   3.65   5.49   3.12   4.61   3.89   3.47
200611   2.94   3.37   2.91   2.77   3.07   3.26   3.69   3.02   3.10   6.01
200612   3.11   3.92   2.21   3.97   2.56   3.48   2.36   3.83   2.01   2.48
200701   0.74   1.59   0.52   0.76   0.83   0.83   0.34   0.76   0.30   0.55
200702   0.87   0.75   1.22   0.66   1.22   1.77   0.54   0.95   1.30   1.16
200703   2.83   2.13   2.93   2.32   3.69   3.88   3.38   2.66   3.77   2.42
200704   4.23   3.98   4.01   4.16   4.43   4.00   3.97   4.42   3.78   3.76
200705   2.30   2.69   2.00   3.40   1.31   3.59   1.29   1.74   3.57   1.06
200706   0.31   0.39   1.05   0.57   0.19   2.43  -0.70  -0.22   1.66  -0.53
200707  -1.55  -2.46  -0.59  -1.52  -0.51  -1.47  -0.52  -2.06  -0.39  -0.55
200708  -1.49  -1.66  -0.65  -2.78  -0.77  -1.18  -0.48  -1.18  -2.40  -4.30
200709   5.69   4.66   6.46   6.26   5.53   7.15   6.34   5.21   7.25   6.92
200710   4.46   4.05   4.47   3.87   5.54   4.88   4.71   3.88   5.17   8.08
200711  -4.17  -6.36  -2.91  -5.27  -5.47  -4.76  -4.17  -4.36  -4.35  -7.81
200712  -2.03  -1.48  -2.15  -1.89  -2.16  -1.40  -1.71  -1.97  -2.36  -3.68
200801  -8.67  -8.01  -9.72  -8.67  -8.53  -8.49  -8.81  -7.76  -8.54  -9.74
200802   2.25   0.49   3.31   1.84   3.27   1.84   2.80   1.31   4.91   4.83
200803  -1.39  -0.37  -2.38  -1.18  -1.75  -1.00  -1.43  -0.23  -1.48  -2.45
200804   5.33   4.40   5.76   6.99   3.86   5.90   4.19   4.89   5.33   4.21
200805   1.90  -0.23   3.02   0.90   2.43   0.87   2.42   0.36   2.72   3.79
200806  -7.77  -9.46  -6.61  -9.56  -6.57  -8.53  -6.67  -8.45  -6.40  -7.15
200807  -3.84  -2.32  -4.60  -4.13  -3.29  -3.66  -3.77  -1.76  -5.59  -6.99
200808  -4.43  -3.75  -4.63  -4.31  -5.09  -3.67  -5.25  -3.14  -5.04  -6.08
200809 -14.18 -12.70 -16.51 -14.88 -15.44 -13.07 -15.01 -12.68 -16.28 -18.92
200810 -20.98 -23.44 -21.79 -22.70 -21.73 -19.84 -23.33 -21.06 -21.09 -27.68
200811  -5.40  -4.97  -3.57  -6.09  -4.44  -6.30  -3.62  -6.18  -5.74  -5.26
200812   6.65   6.45   7.51   6.06   7.27   4.96   8.68   5.66   6.44   8.20
200901  -9.12 -10.52  -8.49 -10.23  -7.67 -10.39  -8.03 -11.18  -8.33  -4.57
200902  -9.97 -12.11 -10.12 -11.67  -9.47  -9.92  -8.84 -11.15  -9.84  -8.98
200903   6.13   9.27   4.77   9.96   3.11   8.86   3.87   8.37   5.19   7.17
200904  12.49  22.85   6.84  21.77   6.11  19.47   6.36  21.09   8.38  15.03
200905  13.70  15.74  12.18  16.69  11.31  15.46  12.61  15.38  13.49  16.07
200906  -0.72  -0.25  -0.09  -1.45  -0.01  -1.29  -0.70  -0.56  -0.94   0.59
200907   9.20  11.60   6.99  11.77   6.62  11.53   6.77  12.18   7.69   5.32
200908   4.19   7.63   1.84   6.65   1.66   6.17   2.55   6.97   2.03   5.20
200909   4.71   5.01   4.63   5.13   4.50   5.09   4.66   4.68   5.08   4.58
200910  -1.77  -3.21  -1.72  -2.50  -2.07  -1.82  -1.37  -2.53  -1.76  -3.13
200911   2.31   1.19   2.74   1.67   2.52   2.03   3.05   1.71   3.63  -0.35
200912   1.28   1.41   1.25   1.59   0.14   1.81   0.44   1.55   0.20   0.52
201001  -4.00  -3.39  -4.03  -3.77  -3.73  -3.91  -3.24  -3.26  -4.36  -2.90
201002  -0.24  -0.11   0.25  -0.39  -0.18  -0.46  -0.06   0.25  -0.16  -1.35
201003   6.35   7.35   5.78   6.39   6.04   6.81   5.90   5.17   7.38   8.42
201004  -0.60   0.01  -1.16  -0.08  -0.73  -0.62  -0.16  -0.32  -1.39   1.43
201005 -10.73 -11.21 -10.05 -11.07 -10.24 -10.66  -9.91 -10.37 -10.26 -13.13
201006  -1.27  -1.37  -0.61  -2.49  -0.61  -1.57   0.35  -1.03  -0.88  -3.40
201007   9.32  10.68   8.48   9.72   8.59   9.91   8.17   9.13   9.71  11.35
201008  -3.17  -3.96  -2.41  -3.17  -2.81  -2.92  -2.89  -2.07  -3.00  -4.21
201009  10.03  10.17  10.33   9.64  10.18  10.21  10.20   8.52  10.48  12.62
201010   3.98   3.96   4.07   4.24   4.09   4.25   3.54   4.30   3.57   4.75
201011  -4.35  -5.55  -3.07  -4.61  -3.45  -4.21  -3.77  -5.04  -3.77  -3.69
201012   8.28   9.22   7.46   9.30   7.39   8.66   8.16   7.81   8.62   9.87
201101   2.05   4.72   0.14   3.75   0.34   3.70   0.48   3.15   0.44   2.73
201102   3.43   3.48   3.41   3.42   3.21   3.07   2.90   3.39   3.28   4.04
201103  -1.50  -2.79  -0.25  -1.81  -1.10  -2.34  -0.72  -1.50  -0.76  -2.37
201104   5.64   4.77   6.36   5.28   6.44   5.23   6.34   5.31   5.92   5.29
201105  -2.73  -3.70  -1.97  -2.62  -3.22  -2.80  -2.69  -2.38  -2.84  -4.13
201106  -1.41  -1.63  -1.41  -1.53  -1.34  -1.40  -1.57  -1.16  -0.98  -3.16
201107  -1.18  -2.62   0.28  -1.61  -0.30  -1.31  -0.23  -1.02  -0.55  -1.68
201108  -8.54 -10.23  -6.62  -7.88  -9.16  -8.47  -8.11  -6.40  -9.75 -11.39
201109 -10.31  -9.97 -11.05  -8.34 -12.46  -8.67 -12.41  -7.38 -13.10 -13.93
201110   8.72   8.21   8.93   7.19  10.84   8.09   9.92   6.94  11.02   8.55
201111  -4.59  -5.79  -3.53  -4.68  -4.58  -4.49  -4.92  -3.96  -4.43  -6.97
201112  -1.30  -1.22  -2.28  -0.29  -3.10  -0.61  -3.20   0.14  -3.26  -2.80
201201   6.09   8.91   4.58   9.08   5.12   7.37   5.51   4.97   7.29  10.62
201202   5.42   6.34   5.19   5.34   5.12   4.62   5.52   4.83   4.94   5.92
201203  -0.34  -1.25   0.56  -0.95   0.43  -1.56   0.39   0.36  -0.54  -0.72
201204  -1.42  -3.73   0.11  -2.35  -0.17  -2.64  -0.30  -1.87  -0.15  -3.25
201205 -11.23 -13.17 -10.10 -12.84 -10.00 -12.32  -9.98 -10.76 -11.33 -15.09
201206   5.73   7.01   4.80   6.46   5.14   6.19   5.00   7.56   4.52   4.32
201207   0.91  -0.36   1.33   0.34   1.29  -0.03   1.69   0.49   1.31  -1.07
201208   2.88   3.48   2.68   3.09   2.74   2.85   2.73   3.18   3.21   3.02
201209   3.43   4.76   2.79   4.75   3.43   3.74   3.73   3.35   3.23   5.61
201210   0.85   1.65   0.34   1.99   0.08   1.37   0.19   0.67   0.73   1.48
201211   1.80   1.90   2.17   2.34   1.71   1.59   1.84   1.20   2.04   0.83
201212   3.24   4.95   2.10   4.43   2.02   4.33   1.69   3.10   2.73   5.16
201301   5.21   6.27   4.56   5.77   4.38   5.34   4.39   5.43   4.05   8.10
201302  -0.88  -2.75   0.30  -2.31   0.45  -2.58  -0.14  -1.31  -0.04  -2.81
201303   0.87  -0.90   2.56  -0.19   2.28  -0.43   2.71   1.45   1.02  -1.03
201304   4.40   5.06   3.99   4.96   3.75   4.44   3.64   5.60   3.20   6.11
201305  -1.61  -0.60  -1.79  -1.38  -1.73  -0.84  -2.08  -2.49  -0.74   2.60
201306  -3.75  -4.73  -3.35  -3.99  -3.46  -4.12  -3.31  -2.75  -4.27  -6.92
201307   5.43   6.60   4.56   6.36   4.97   6.47   4.82   5.06   5.79   6.59
201308  -1.14  -0.77  -1.05  -1.06  -0.87  -0.52  -1.26  -1.13  -1.14   0.87
201309   7.10   7.49   6.90   7.13   6.80   7.44   6.72   7.57   6.56  10.10
201310   3.23   3.79   2.25   3.55   2.54   3.31   2.28   3.75   2.53   2.22
201311   0.61   0.34   0.63   0.43   0.59   0.42   0.34   0.56   0.45   0.66
201312   1.66   1.81   1.94   1.69   2.29   1.99   1.88   1.58   2.00   2.16
201401  -3.11  -1.96  -3.61  -3.28  -3.01  -2.89  -2.78  -2.99  -4.15   0.76
201402   5.34   5.26   5.45   5.14   4.73   5.33   4.78   5.77   5.12   5.40
201403  -0.25  -0.30  -0.91   0.53  -1.32   0.29  -1.64   0.15  -0.69  -2.88
201404   1.14   1.72  -0.16   2.37   0.49   2.29  -0.17   2.13   0.51  -1.58
201405   1.47   1.01   1.85   1.38   1.38   1.34   1.33   1.93   1.20   1.56
201406   1.50   1.27   1.42   1.84   1.47   1.94   1.55   2.00   1.89   1.46
201407  -1.84  -1.74  -2.18  -1.64  -1.88  -2.05  -1.33  -1.88  -2.14  -2.64
201408  -0.21  -0.21  -0.14  -0.21  -0.04  -0.68   0.15  -0.10   0.09  -0.28
201409  -4.05  -4.68  -3.60  -4.73  -4.31  -4.93  -4.04  -4.11  -4.52  -4.65
201410  -1.65  -2.74  -0.36  -2.00  -1.23  -2.50  -0.96  -1.39  -1.29  -3.84
201411   0.84   0.40   1.33  -0.15   1.03   0.00   1.62   0.37   1.49   0.67
201412  -2.83  -2.95  -2.70  -3.31  -2.35  -2.90  -2.33  -3.14  -2.27  -3.38
201501  -0.18  -1.61   1.18  -1.54   0.45  -0.54   0.77  -0.39   0.33  -1.22
201502   5.54   6.93   4.71   6.25   5.34   5.62   5.30   5.15   5.57   6.25
201503  -1.21  -1.93  -0.31  -1.71  -0.45  -1.90  -0.33  -1.84  -1.15  -1.48
201504   4.87   6.65   4.10   5.39   4.22   6.08   3.76   5.20   4.67   6.38
201505  -0.48  -0.46  -0.06  -0.93  -0.69  -1.08   0.28  -1.71   0.57   1.76
201506  -2.56  -2.65  -2.63  -2.74  -2.62  -2.65  -2.31  -2.62  -2.30  -2.32
201507   0.87  -0.78   2.10  -0.30   1.85  -0.36   2.04   0.75   1.73  -0.27
201508  -6.27  -6.41  -6.15  -6.54  -5.92  -6.51  -6.03  -6.18  -6.02  -5.82
201509  -4.57  -6.27  -3.70  -5.37  -3.63  -5.82  -3.41  -5.04  -3.32  -5.51
201510   6.84   6.94   7.01   7.43   5.88   7.96   5.97   7.16   7.64   3.49
201511  -1.30  -2.18  -0.26  -1.70  -1.37  -1.88  -0.69  -1.65  -0.71  -2.49
201512  -1.19  -1.38  -0.84  -1.81  -1.01  -1.97  -0.53  -1.51  -0.79  -0.09
201601  -6.76  -9.14  -5.37  -8.13  -6.51  -7.70  -5.74  -6.33  -6.49 -10.65
201602  -1.01  -1.00  -0.32  -2.01  -0.18  -1.21  -0.27  -1.08   0.52  -1.71
201603   7.08   7.72   6.27   7.76   5.80   7.66   6.47   7.75   6.61   8.17
201604   3.25   6.02   1.63   4.21   2.39   4.72   1.75   4.23   2.50   4.03
201605  -0.98  -2.83   0.15  -1.95   0.24  -2.28   0.36  -2.02   0.00  -1.80
201606  -3.24  -4.76  -1.86  -5.01  -3.24  -3.78  -2.13  -3.22  -2.86  -6.29
201607   5.09   5.70   4.13   6.25   5.44   5.51   4.80   4.79   5.37   4.81
201608   0.07   1.59  -1.59   2.44  -0.67   1.82  -1.11   1.60  -0.80   0.93
201609   1.53   1.23   2.00   0.89   1.90   1.43   1.79   1.32   2.02   1.99
201610  -1.77   1.28  -3.76   0.63  -3.16   0.26  -4.06  -0.09  -3.55  -1.82
201611  -2.23  -0.43  -3.61  -0.76  -3.35  -1.24  -3.91  -1.06  -3.32  -1.56
201612   2.81   3.50   1.69   3.79   1.77   3.78   1.56   3.37   1.73   1.93
201701   3.55   3.79   3.36   3.16   3.75   3.14   3.66   2.25   4.74   5.19
201702   0.88  -0.04   1.40   0.45   1.12   0.34   1.38   0.44   0.82   0.44
201703   3.00   2.63   3.76   3.01   3.53   2.84   3.28   2.78   3.01   2.94
201704   2.76   2.15   3.20   2.94   3.23   2.44   3.34   1.85   3.62   0.92
201705   3.54   2.16   4.89   2.91   4.54   3.41   4.51   3.39   4.23   3.04
201706   0.36   1.54  -0.63   1.60  -0.37   0.84  -0.14   0.74  -0.04   0.68
201707   3.25   4.40   2.10   4.03   3.17   3.93   2.98   3.59   3.01   4.47
201708   0.26  -0.06   0.61  -0.05   0.65   0.04   0.51  -0.35   1.01   0.59
201709   2.19   2.86   1.77   2.77   2.39   2.59   1.66   2.69   1.32   1.49
201710   1.48   1.05   1.51   1.00   2.29   1.33   1.83   0.65   2.48   1.51
201711   0.87   0.78   0.94   0.61   1.21   0.44   1.26   1.14   1.18  -0.94
201712   1.90   2.76   1.52   1.98   1.68   1.85   1.97   1.65   2.10   3.21
201801   4.78   5.23   4.93   5.07   5.12   4.41   5.26   4.13   5.23   6.97
201802  -4.22  -4.44  -3.99  -3.82  -3.55  -4.14  -3.47  -4.24  -3.82  -2.95
201803  -1.10  -1.84  -0.33  -1.63  -0.44  -1.26  -0.17  -1.41  -0.54  -3.05
201804   1.79   2.73   0.52   1.82   1.87   2.91   1.35   2.17   1.26  -0.35
201805  -1.50  -3.64   0.84  -3.85   1.09  -2.73   1.05  -3.36   0.79  -0.24
201806  -1.37  -2.14  -0.99  -1.84  -1.00  -1.64  -1.10  -1.11  -1.21  -2.36
201807   1.89   2.44   1.85   2.83   0.54   2.54   1.01   2.95   1.06   0.45
201808  -1.78  -2.93   0.19  -2.16  -0.62  -2.59   0.03  -2.80  -0.52  -1.81
201809   0.80   1.71  -0.68   1.07  -0.62   1.83  -0.63   1.40  -0.10  -0.88
201810  -8.36  -7.53  -9.53  -7.26  -9.59  -7.35  -9.88  -6.28  -9.97 -10.97
201811   0.11  -0.69   0.81   0.10   0.09  -0.13   0.57   0.47  -0.53  -0.55
201812  -5.03  -5.17  -5.44  -5.24  -5.37  -4.33  -5.25  -4.70  -4.99  -7.26
201901   6.71   7.45   6.37   8.10   5.98   7.55   5.56   6.69   6.43   7.29
201902   2.46   1.59   3.56   1.91   3.57   1.62   3.83   1.80   3.11   2.39
201903   0.59  -0.88   2.04  -0.92   2.11  -0.59   2.29  -0.57   1.40  -0.34
201904   2.93   3.25   3.25   3.62   2.79   3.30   3.10   3.31   3.22   2.91
201905  -4.46  -6.09  -2.69  -6.43  -2.85  -6.32  -2.74  -5.18  -3.69  -3.95
201906   5.10   4.53   5.45   5.06   5.14   5.28   5.31   4.87   5.17   3.07
201907  -1.39  -2.36  -0.62  -2.15  -0.68  -2.27  -0.55  -2.03  -1.00   0.27
201908  -2.29  -4.23  -1.06  -3.43  -0.96  -3.26  -0.69  -2.98  -2.01  -2.70
201909   2.61   4.85   0.67   4.54   0.98   3.87   0.99   4.58   1.24  -0.83
201910   3.44   3.60   4.00   4.37   3.64   3.71   3.54   3.77   3.75   2.49
201911   1.44   0.98   2.19   1.32   1.98   1.42   1.97   0.66   2.45   2.23
201912   3.44   4.10   3.05   4.00   3.25   3.70   3.03   3.56   3.20   4.19
202001  -2.09  -4.51  -0.75  -3.88  -1.08  -4.35  -1.32  -3.16  -1.30  -1.85
202002  -8.63  -9.26  -8.35  -8.89  -8.26  -8.88  -7.97  -9.33  -7.84  -7.29
202003 -14.07 -20.67  -8.74 -18.12 -11.15 -18.58 -10.14 -18.72 -11.41 -15.45
202004   7.16   5.89   9.01   5.20   8.72   5.76   8.66   5.19   8.78  15.11
202005   4.96   3.15   7.21   3.19   7.33   3.31   7.60   2.84   6.74  11.23
202006   3.29   3.52   3.06   3.83   2.68   3.83   2.67   3.47   3.19   5.57
202007   2.51  -0.07   4.08   0.02   4.18   0.83   4.31   0.52   4.58   5.82
202008   5.81   7.16   5.20   7.12   5.87   6.71   5.66   6.50   5.84   6.52
202009  -2.11  -4.60  -0.33  -4.15  -0.81  -4.08  -0.61  -4.52  -0.57  -0.10
202010  -3.31  -2.65  -3.79  -2.66  -4.08  -2.31  -4.05  -2.80  -3.12  -1.67
202011  14.55  19.23  12.01  18.81  12.36  18.41  11.90  17.98  12.94  12.82
202012   5.11   4.96   4.61   5.66   5.16   5.92   4.76   5.05   5.45   6.29
202101  -0.87  -0.44  -0.89  -1.30  -1.18  -0.58  -1.07  -0.55  -1.65   2.02
202102   2.54   7.24   0.39   6.36  -0.08   6.26  -0.60   5.43   1.46   0.99
202103   2.59   4.51  -0.20   5.16   0.94   4.99   0.55   3.93   1.30  -2.98
202104   3.59   2.20   4.91   2.51   5.17   2.14   5.00   2.44   5.22   5.02
202105   3.36   4.48   2.49   5.13   3.15   4.75   2.44   4.09   3.11  -1.30
202106  -1.09  -2.79   0.63  -2.52  -0.08  -2.21   0.02  -2.14  -0.78   1.24
202107   0.79  -0.22   1.94   0.24   1.92  -0.30   2.17   0.32   1.83  -0.99
202108   1.62   1.53   2.76   0.64   2.98   0.84   3.29   0.84   2.26   4.03
202109  -2.92  -0.35  -4.54  -1.02  -3.87  -0.40  -4.51  -1.14  -3.81  -4.92
202110   2.69   2.58   3.16   3.01   3.31   2.54   3.13   2.16   3.83   0.45
202111  -4.03  -5.92  -2.42  -5.42  -2.64  -5.13  -3.05  -4.57  -3.14  -3.92
202112   3.95   5.32   1.32   5.20   3.35   4.92   2.63   5.18   3.09  -2.50
202201  -5.10   1.01 -12.50   0.89 -11.89   0.80 -12.13   1.86 -10.17 -14.43
202202  -2.05  -1.50  -3.25  -2.27  -3.38  -1.08  -3.09  -1.50  -2.74  -3.98
202203   0.60   0.36   0.63   0.52   1.03   0.53   0.93   0.57   1.22   0.21
202204  -6.54  -5.63  -9.21  -5.57  -8.90  -4.72  -8.91  -4.12  -8.62 -10.86
202205   0.93   2.97  -1.05   2.56  -0.64   2.98  -0.69   3.15  -0.25  -0.88
202206  -9.22 -10.16  -9.26  -8.80  -9.52  -9.34  -9.23  -9.30  -9.28 -12.48
202207   5.29   2.79   9.42   1.45   8.94   1.92   9.10   2.18   8.91   6.88
202208  -4.75  -2.92  -6.38  -4.24  -5.74  -3.70  -5.82  -3.70  -6.08  -3.74
202209  -9.70  -9.40 -10.80  -9.32 -11.11  -9.63 -10.53  -9.08 -11.19 -12.68
202210   4.87   5.84   4.10   4.74   4.32   5.22   4.61   5.66   4.05   4.90
202211  11.75  11.52  12.85  11.84  12.92  11.32  12.30  11.17  12.99  11.20
202212  -0.75   1.22  -2.45   1.57  -2.77   1.25  -2.14   1.16  -1.89  -3.50
202301   7.65   9.21   7.46   9.09   7.38   7.94   7.37   7.31   7.50  10.14
202302  -2.65  -1.02  -3.59  -1.82  -3.32  -1.61  -3.25  -1.84  -2.80  -3.31
202303   2.38  -2.35   5.46  -0.23   4.87   0.64   5.08   0.52   4.14   1.15
202304   2.52   3.29   1.96   2.10   2.33   2.45   2.38   3.03   1.69   0.44
202305  -4.03  -4.10  -2.82  -4.12  -3.24  -5.25  -2.76  -4.94  -3.08  -2.84
202306   4.27   5.33   2.96   6.24   2.77   5.85   2.77   4.90   3.01   4.87
202307   3.10   4.93   2.17   4.88   1.60   4.44   1.34   4.25   2.15   4.10
202308  -3.76  -2.91  -4.45  -3.56  -4.71  -2.57  -4.55  -3.02  -4.17  -7.03
202309  -3.72  -1.59  -6.33  -1.76  -5.90  -1.28  -5.94  -1.59  -6.07  -6.44
202310  -4.36  -5.06  -4.48  -5.08  -4.59  -4.43  -4.22  -4.27  -4.43  -8.90
202311   8.90   8.35   9.71   9.30   9.48   7.99  10.22   8.00  10.11  11.72
202312   5.78   5.92   6.08   6.05   6.55   5.31   6.15   5.73   6.53   6.58
202401  -0.59  -1.10  -0.53  -0.91  -0.80  -0.85  -0.55  -0.61  -0.13  -4.14
202402   2.10   0.46   3.82   0.65   4.12  -0.01   4.61  -0.18   3.10   3.40
202403   3.31   5.61   1.46   4.72   2.38   4.58   1.89   4.59   2.56   1.87
202404  -2.99  -1.38  -4.52  -1.09  -4.29  -0.96  -4.74  -1.32  -4.44  -5.00
202405   4.11   5.58   3.77   4.21   4.60   3.98   4.29   4.63   4.33   5.76
202406  -1.95  -3.89  -0.40  -3.34  -0.43  -3.77  -0.16  -2.88  -0.80  -2.19
202407   3.20   4.61   2.10   3.82   2.80   3.72   2.02   4.97   2.89   1.84
202408   2.79   1.24   3.70   1.11   3.88   1.50   3.74   2.13   3.76   2.43
202409   1.64   2.03   1.59   2.14   1.23   1.79   1.54   1.75   1.73   2.15
202410  -4.78  -3.60  -5.94  -3.88  -5.07  -4.15  -5.61  -3.91  -5.32  -4.36
202411  -0.15  -0.10  -0.04  -0.45  -0.37  -0.88  -0.40  -0.61  -0.27   1.36
202412  -2.39  -2.02  -2.72  -1.87  -2.74  -1.91  -2.85  -2.33  -2.77  -2.91
202501   4.31   4.28   5.43   3.91   5.56   3.70   5.28   3.70   4.96   4.87
202502   1.50   3.76  -0.45   3.78  -0.94   3.57  -0.80   4.04  -0.04   0.33
202503  -0.06   2.16  -2.82   1.98  -2.38   1.87  -2.91   3.13  -1.87  -2.39
202504   4.57   3.03   5.81   2.97   6.18   2.77   6.14   3.97   5.64   5.00
202505   5.10   5.58   5.53   5.39   5.23   5.17   5.54   4.57   5.75   7.62
202506   3.24   3.98   3.22   2.83   3.78   2.80   3.72   2.91   3.48   6.71
202507  -1.46   1.02  -2.99   0.89  -2.65   0.70  -3.33  -0.05  -2.45  -0.29
202508   4.58   5.87   2.81   5.77   2.60   5.74   2.42   5.54   2.35   5.54
202509   1.87   2.20   1.68   1.78   0.88   1.64   1.00   1.36   1.75   3.62
202510   0.92  -0.28   1.42   0.33   2.10   0.42   1.69  -0.45   1.40   3.38
202511   0.93   3.84  -0.94   3.44  -2.67   3.74  -2.08   3.77  -1.87  -2.69
202512   2.96   4.85   1.06   4.88   1.06   4.24   1.00   4.19   2.04   1.61

     Value-Weight Local  Returns      All 4 Data Items Not Reqd
                -- BE/ME --   --- E/P ---   --- CE/P --   ------  Yld  -----
          Mkt   High    Low   High    Low   High    Low   High    Low   Zero
197501  15.99  14.93  15.96  15.42  16.21  14.60  16.38  13.42  17.30   7.98
197502  10.19  12.22   9.36  12.17   9.16  11.89   9.33  10.23   9.84   3.81
197503   0.84   1.21   1.10   1.34   0.73   0.58   1.61   0.42   0.82   3.15
197504   5.38   4.87   5.36   4.64   5.31   3.83   5.56   3.02   6.36  -1.15
197505  -1.12  -1.91  -1.36  -0.10  -1.38   0.47  -1.38  -1.26  -1.73  -5.16
197506  -2.35  -2.82  -3.45  -1.30  -4.02  -2.43  -2.43  -2.24  -2.66  -2.34
197507  -0.31  -0.85   0.15  -0.45   0.41   0.68  -0.24   0.47  -0.27   0.82
197508   0.34   0.67   0.05   0.37   0.00   0.06  -0.24   0.19  -0.29  -5.85
197509  -2.04  -1.61  -2.07  -2.13  -2.02  -2.71  -2.72  -1.78  -2.58  -1.16
197510   6.44   6.79   4.91   8.24   5.16   7.93   6.98   7.80   5.10   7.84
197511   4.06   4.50   3.39   4.55   3.25   3.61   4.24   3.22   4.37  -0.04
197512   2.08   3.60   0.94   2.98   1.36   3.67   1.47   3.28   0.86   3.11
197601   4.95   7.88   2.70   6.11   4.38   7.45   2.32   6.94   3.24  14.11
197602  -0.37   0.64  -0.81   0.59  -0.59   2.11  -0.78  -0.06  -0.87   1.14
197603  -0.59  -1.25  -0.82   0.59  -0.58   0.14   0.48  -0.93  -0.34  -5.06
197604   0.56  -0.21   0.61   0.82   0.15   0.65   0.19   0.55   1.37   1.65
197605  -1.46  -1.97  -1.61  -0.73  -1.29  -1.31  -0.77  -1.88  -0.94  -0.40
197606   1.04   1.75   0.54   2.00   0.63   1.97  -0.22   1.84   0.44   3.19
197607  -1.40  -1.69  -1.01  -1.84  -2.38  -1.16  -1.97  -1.06  -0.96  -2.10
197608  -0.60  -0.63  -0.36  -0.83  -0.87  -1.22  -0.81  -0.83  -1.40   0.70
197609  -1.82  -2.29  -2.42  -1.63  -2.06  -2.07  -1.48  -1.40  -1.85  -2.73
197610  -5.37  -7.11  -5.08  -5.18  -5.37  -6.35  -4.72  -6.61  -3.77  -8.95
197611   2.15   1.32   2.23   2.21   1.27   1.49   1.31   1.89   2.63   2.44
197612   9.32   9.43   9.06  11.61   9.48  10.19   9.02   7.44   8.89   8.35
197701  -0.31   0.70  -0.71  -0.41  -0.40   0.91  -1.08   2.04  -2.13   9.61
197702   1.40   2.79   1.09   2.28   0.70   2.52   0.72   3.43   1.27   1.97
197703  -0.16   1.12  -1.28  -0.26   0.28   1.16  -0.27   0.56  -1.21  -0.16
197704   2.00   3.32   0.68   2.00   2.72   3.79   2.04   3.80   1.19   5.15
197705  -0.44  -0.10  -0.26   0.70  -0.85   0.03  -0.86  -0.26  -0.18  -0.20
197706   1.18   0.94   0.93   1.74   0.40   1.32   0.51   1.44   1.38  -1.83
197707  -1.51   0.00  -3.09  -1.07  -1.91   0.33  -2.56   0.67  -3.60  -1.54
197708   4.31   3.29   4.52   5.14   4.49   4.57   4.62   4.99   4.34   4.44
197709   2.03   1.64   2.90   2.69   0.41   0.05   2.67   0.97   2.30  -0.35
197710  -1.49  -1.46  -2.05  -1.52  -1.99  -1.45  -1.81  -0.85  -2.04  -2.88
197711  -1.09  -0.65  -1.58  -0.75  -1.55  -1.19  -1.80  -0.86  -1.50  -1.98
197712   0.47   2.06  -1.13   1.19  -0.60   1.70  -0.61   2.65  -1.77  -0.21
197801   0.24   2.42  -0.54   1.84  -1.02   1.38  -1.21   1.44   0.38   2.16
197802  -0.30   0.54  -0.70   1.19  -1.39   0.33  -0.72  -0.12  -0.63  -3.82
197803   4.98   5.34   4.65   5.44   4.78   5.76   4.45   5.82   4.53   5.47
197804   0.72   1.05   0.80   1.67  -0.05   1.40  -0.01   0.08   0.80   2.53
197805   2.33   4.29   1.19   1.91   2.71   4.47   1.46   3.12   1.59   8.76
197806   0.37  -1.41   0.73   0.28   0.81  -1.04   1.48   0.10   0.87  -1.72
197807   3.50   3.89   4.02   3.21   3.94   4.17   3.98   3.84   3.30   6.23
197808   1.80   1.60   2.40   1.82   2.25   1.17   2.16   1.34   2.49   6.73
197809   1.93   0.69   2.75   2.17   1.10   0.72   2.65   0.90   3.67   2.02
197810  -1.97  -0.83  -2.19  -2.49  -1.66  -2.14  -2.09  -0.80  -3.06  -1.83
197811   0.65   1.91  -0.25   0.62   1.38   2.16   0.19   0.99   0.90  -0.46
197812   1.66   3.15   0.61   2.02   1.11   2.96   0.12   2.63   1.13   3.56
197901   3.09   4.21   2.89   2.52   2.95   2.95   3.16   3.02   3.02   5.68
197902  -0.32  -0.37  -0.52  -0.66  -0.35  -1.74  -0.51  -1.08  -0.20  -1.06
197903   3.79   3.18   4.96   2.64   4.80   2.00   5.04   1.79   5.51   5.62
197904   2.22   2.87   2.59   3.17   1.25   1.68   1.66   0.72   2.83   1.17
197905  -1.54  -1.69  -1.62  -1.63  -0.77  -0.78  -2.68   0.09  -3.06  -0.12
197906   0.03   0.01  -0.90  -0.09  -0.10  -0.56  -0.67  -0.56  -0.42   5.01
197907  -0.41  -0.65   0.44  -0.60  -0.37  -0.68   0.35   0.00  -1.01   3.66
197908   3.82   4.05   3.53   4.01   3.96   4.63   3.62   3.74   4.17   2.39
197909   3.84   3.69   3.71   3.37   3.61   1.99   3.35   2.44   4.46   3.30
197910  -4.05  -4.37  -4.49  -4.18  -4.31  -5.48  -5.81  -4.14  -3.69   1.68
197911   1.19   0.20   1.16   0.88   1.23   0.09   1.02   0.60   0.65  -0.85
197912   1.90   1.97   1.58   2.58   1.50   2.47   1.56   2.47   1.23   2.22
198001   5.50   4.70   5.21   5.14   5.43   4.92   5.58   4.70   4.07  11.38
198002   2.96   0.59   4.74   1.47   3.82   1.92   2.96   1.59   3.33   8.07
198003  -8.50  -7.48  -9.16  -7.90  -9.33  -7.99  -8.55  -7.02  -8.53  -6.45
198004   3.75   3.53   4.15   2.85   4.37   2.25   3.59   3.89   5.02   2.33
198005   1.72   1.02   1.38   2.13   1.40   2.07   1.31   0.92   1.38  -1.48
198006   4.80   4.09   5.36   3.29   6.00   2.92   7.73   3.44   5.89   2.92
198007   2.26   2.42   2.16   2.53   3.14   2.41   2.49   2.82   1.74   3.63
198008   1.38   2.51   1.25   2.14   1.06   1.26   1.71   1.49   1.78  -6.03
198009   2.17   0.72   2.68   3.05   2.06   2.69   1.65   1.34   2.95  -1.20
198010   4.19   3.18   5.16   6.46   4.53   5.15   3.67   2.42   5.68   0.30
198011   0.44  -0.37   0.59   0.83   0.08   0.98   0.18  -0.09  -0.16  -0.53
198012  -2.10  -0.64  -3.20  -1.69  -1.78  -2.48  -2.49  -0.35  -2.95  -2.67
198101   1.16   1.99   0.75   0.37   1.81   0.56   0.78   1.21   1.33   9.96
198102   1.51   3.83   1.20   1.88   2.00   1.92   2.94   2.19   2.54  -1.54
198103   3.86   5.43   2.29   6.09   3.10   5.32   1.91   3.51   3.72   2.25
198104   5.43   9.75   2.74   9.13   3.24   8.48   4.25   7.46   4.31  -3.31
198105  -0.29  -0.12   0.85   1.13  -0.35   0.02   0.21  -1.03   0.92  -2.11
198106   2.52   4.46   0.88   2.74   2.22   3.06   1.73   2.04   1.11   1.67
198107  -0.03   0.54  -0.59   2.30  -1.67   1.47  -1.84  -0.27  -0.10  -3.94
198108   0.40  -0.49   0.58  -0.83   0.71   0.40   0.34   1.78  -0.53   1.31
198109 -10.48 -10.58 -10.48 -11.92  -8.48 -11.36 -10.93  -7.36 -11.33  -7.16
198110   0.22  -0.21   1.52   0.18   0.63   0.08   0.17  -0.95   1.83  -1.09
198111   5.46   4.80   5.07   3.48   6.28   3.90   6.18   5.85   5.51   3.43
198112   0.87   0.96   0.08   1.80   1.15   2.23   0.26   0.96   1.21  -0.20
198201   0.67   1.74   0.82  -0.10   0.71   0.33   0.72  -0.22   1.27  -0.08
198202  -3.49  -0.80  -4.12  -2.67  -3.74  -2.90  -4.60  -2.18  -4.32  -6.15
198203  -1.64  -2.83  -1.83  -3.30  -1.16  -0.61  -2.53  -0.82  -2.94   4.27
198204   1.95   1.58   2.16   2.50   2.00   1.82   2.25   1.31   2.88  -0.98
198205   0.51  -0.17   1.19  -0.64   0.93  -1.07   1.57  -1.40   1.93  -1.31
198206  -4.10  -4.75  -3.35  -4.53  -3.67  -5.51  -2.90  -4.92  -3.33  -7.37
198207   0.00  -0.24   0.12  -0.70   0.16  -1.32  -0.48  -0.90  -0.02   3.34
198208   2.36   1.71   2.36   2.41   2.44   3.01   2.09   1.95   2.81   1.97
198209   1.04  -0.26   2.69   0.03   1.89  -0.91   3.34  -0.78   2.58  -4.86
198210   3.10   4.11   2.32   5.31   1.83   5.37   1.93   4.36   2.93   3.72
198211   3.64   3.08   3.82   4.10   3.22   3.82   4.56   3.61   4.50   2.49
198212   3.62   4.33   2.43   5.21   2.46   5.26   2.31   4.85   3.06   3.70
198301   1.87   5.15   1.03   0.70   2.43   3.61   0.52   4.00   0.92  16.17
198302   2.53   4.93   1.86   2.66   2.30   4.72   1.69   4.76   1.70   6.94
198303   5.07   4.51   3.68   6.65   4.38   4.61   5.20   4.93   4.85   3.30
198304   4.96   3.84   4.88   5.33   5.13   3.90   4.97   4.81   4.74   7.47
198305   0.19   0.42   1.21  -1.02   0.88  -0.54   2.25  -1.49   1.40   0.51
198306   3.16   2.41   2.81   3.90   2.62   4.15   1.73   2.99   2.79   1.05
198307   1.81   1.37   2.34   1.54   2.35   0.82   1.51   0.06   2.78   1.25
198308   0.42   0.18   0.25   0.22   0.59   1.26   1.55   1.40  -0.16   2.46
198309   1.03   1.14   0.39   1.99   0.10   2.66  -1.28   1.45   0.72   1.13
198310  -0.94  -0.24  -1.01  -0.38  -1.53  -0.10  -1.47  -0.76  -1.21  -3.83
198311   3.34   4.34   3.71   2.52   2.83   2.78   3.24   2.43   4.10   2.36
198312   4.00   5.20   2.67   5.23   2.53   5.92   2.49   5.42   2.58   2.86
198401   5.84   6.55   3.80   7.49   2.72   6.96   2.97   7.38   2.47   7.62
198402  -1.89  -2.10  -2.32  -1.98  -2.88  -3.05  -2.74  -1.27  -3.12  -4.77
198403   7.17   5.83   6.05   5.20   6.05   4.60   5.62   6.39   5.48   2.68
198404   0.21  -0.44  -0.89   1.00  -0.11  -0.16  -1.13   1.22  -1.32   0.00
198405  -8.49  -8.00  -9.30  -7.96  -8.65  -7.38  -8.04  -6.83  -9.73  -5.63
198406   1.54   0.93   2.64   1.09   2.64   0.73   1.72   0.64   2.29   2.65
198407  -3.23  -2.58  -3.65  -2.86  -2.97  -2.70  -3.00  -2.47  -2.98  -6.46
198408   8.24   6.47   9.70   7.76   9.35   8.62   9.93   5.50  10.63   6.81
198409   2.04   0.24   3.64   1.55   2.29   1.48   2.51   0.73   2.76  -0.28
198410   2.06   2.62   1.49   2.42   2.17   0.53   1.94   2.21   0.71   1.28
198411   1.36   2.30  -0.31   1.96  -0.52   0.62  -0.85   3.09  -2.21  -2.83
198412   4.04   7.91   1.64   6.28   1.67   6.52   2.01   7.42   1.84   1.27
198501   4.21   5.36   3.82   4.25   4.07   3.16   4.52   2.29   4.44   9.76
198502   2.95   0.80   4.60   1.20   5.02   1.56  -0.57   0.45   4.34   5.35
198503   1.97   0.38   2.60  -0.27   2.51   1.35   0.84   3.01   0.53  13.97
198504  -0.40   0.64  -1.07   0.85  -1.51  -0.26   0.19   0.32  -1.04   2.38
198505   3.99   2.49   4.95   2.84   4.40   4.38   1.60   6.54   2.76   7.13
198506   0.79   1.59   0.53   1.21   0.96   1.22  -2.16   1.19   0.21   1.00
198507  -0.99   0.00  -0.53  -2.59  -0.62  -1.17  -1.30   0.86  -1.93  -2.26
198508   3.69   4.78   2.80   4.37   2.63   5.22   4.71   5.55   2.25   1.24
198509  -0.30   0.37  -2.16   1.72  -2.07   3.36  -1.10   5.47  -2.80  -2.45
198510   3.80   2.96   4.74   3.42   3.72   0.89   5.66  -0.65   6.26   3.84
198511   1.00   1.17   1.31   0.43   0.67   0.36   1.16  -0.34   1.26  -1.41
198512   4.08   3.40   3.58   4.75   4.01   6.37   3.85   3.43   4.40   7.07
198601  -0.14   1.50  -1.01   1.26  -0.30   0.63   2.08   0.16  -0.05   2.18
198602   4.36   2.91   4.18   2.12   4.10   2.83   3.33   6.79   3.34   5.49
198603  14.36  12.08  15.41  11.72  14.84  12.81  13.72  13.59  13.98  13.19
198604   0.55   3.29  -0.67   4.85  -1.79   2.62   1.09  -0.46  -0.54   0.12
198605   0.66  -1.10   1.77  -1.35   1.81  -1.85   2.38   0.15   1.46   5.03
198606   1.19   0.61   1.02   0.77   0.15   0.72   0.66   3.32   0.01   2.58
198607   2.12  -3.30   4.46  -2.27   2.69   3.70   0.43   7.97   1.77   2.13
198608   8.97  12.63   8.74  10.60   7.90  11.20   4.79   8.24   7.53   0.01
198609  -0.92   1.11  -1.20   0.34  -3.88   4.82  -2.33   2.81  -3.11  -8.47
198610  -2.48  -2.22  -2.67  -0.37  -1.48  -2.47  -1.34  -5.81   0.00  -1.28
198611   3.40   1.71   3.66   1.35   4.33   0.74   5.26   2.78   3.99   4.23
198612   3.85   3.99   4.59   3.86   4.68   4.09   4.58   3.67   4.72  -0.79
198701   7.63   0.22  11.56  -0.39   8.42   0.52   0.56   3.24  10.90   3.18
198702   2.06   2.21   2.68   0.97   1.83   2.59   5.33   3.22   1.89   9.66
198703   4.68   1.59   5.74   0.60   6.10   0.00   2.93   3.32   5.90   5.96
198704   7.39   5.05   8.27   4.33   7.04   5.60   2.73   5.56   8.36  11.39
198705   1.75   6.02  -0.23   4.80   1.40   2.63   5.39   2.08   0.29   1.07
198706  -1.87   5.95  -4.53   4.74  -2.42   4.07  -1.51   1.38  -4.17  -4.34
198707   2.03   5.17   1.14   4.90   1.13   2.60   3.40   1.31   1.84   2.44
198708   3.25   0.44   4.45   1.27   2.98   1.08   1.90   4.02   3.82   8.22
198709   0.35   6.76  -1.90   5.69  -0.97   6.28  -0.03   2.74  -1.64   4.37
198710 -18.84 -20.64 -18.88 -19.90 -18.51 -19.60 -20.75 -15.61 -20.41 -12.68
198711  -3.62  -3.04  -3.71  -2.93  -3.86  -3.76  -3.32  -3.63  -3.36  -3.50
198712  -3.03  -0.32  -4.47  -0.39  -3.11  -2.26  -1.76  -2.31  -3.85 -10.81
198801   6.72   5.06   6.89   6.72   5.55   4.78   4.36   5.76   6.52   8.80
198802   6.96   8.28   6.13   9.65   5.19   8.37   4.52   9.17   5.55   6.73
198803   2.53   4.44   1.98   3.27   2.40   3.84   1.87   2.83   1.71   9.54
198804   1.96   3.45   1.18   1.95   2.39   3.68   2.76   2.76   1.19  -1.16
198805  -2.28  -1.65  -2.90  -3.00  -2.24  -2.69  -2.67  -0.75  -3.66   7.99
198806   3.73   6.66   2.21   4.77   2.63   6.55   0.79   8.03   2.27   9.53
198807   2.49   6.76   1.45   5.13   1.60   8.74   1.40   3.43   1.45   1.35
198808  -4.15  -5.91  -3.75  -5.52  -3.21  -6.94  -3.10  -4.99  -3.89  -6.39
198809   2.16   2.49   0.87   1.91   0.70   2.60  -1.06   4.55  -0.31   8.08
198810   0.99   0.12   0.70   1.94  -0.94   0.13  -3.79   3.14  -0.19   5.67
198811   2.86   2.67   2.36   2.88   2.07   2.50   0.53   2.62   2.86   6.02
198812   3.01   5.47   2.86   5.58   2.45   5.59   0.77   4.00   3.09  -1.55
198901   5.34   6.40   4.21   6.26   4.74   6.22   5.72   7.75   3.20   8.21
198902  -1.35  -1.38  -1.74  -1.14  -1.30  -3.03  -0.54  -0.77  -2.89   5.08
198903   1.63   3.40   1.06   1.46   1.11  -0.56   3.37   1.12   0.60   6.49
198904   1.30   2.65   0.51   1.30   1.40   2.06   1.34   2.96   0.07   5.23
198905   1.42   4.15   0.34   3.59  -0.16   4.96   0.40   2.41   1.37   3.35
198906  -1.32  -0.50  -1.45  -0.82  -1.55  -1.28  -1.83  -1.68  -0.31  -4.16
198907   6.94   4.75   7.95   6.05   8.16   5.34   7.37   5.95   7.95   3.25
198908   0.53   1.93   0.50   1.64  -0.72  -0.16   0.09  -0.93   1.34  -4.00
198909   1.20   2.01   0.68   1.28   1.73   0.19   2.12   1.26   0.65   0.94
198910  -2.82  -2.45  -2.87  -2.49  -3.05  -2.18  -0.65  -2.09  -4.19  -2.72
198911   4.49   2.30   5.29   3.56   5.74   3.66   3.44   4.41   4.43   6.91
198912   2.89   3.33   2.23   2.30   2.42   2.25   1.61   2.36   3.32   3.00
199001  -4.00  -2.16  -5.13  -2.58  -5.14  -2.87  -4.56  -3.19  -4.95  -4.44
199002  -4.89  -4.11  -5.25  -4.38  -5.10  -3.65  -4.43  -4.02  -5.62  -2.78
199003  -6.29  -4.42  -7.72  -3.69  -7.09  -3.93  -8.78  -6.52  -5.12  -8.33
199004  -1.85  -1.50  -1.61  -1.38  -2.72  -1.53  -0.52  -0.59  -3.53  -0.81
199005   8.77   7.26  10.01   7.64  10.60   6.55  10.63   8.35   9.60  11.35
199006  -1.96  -0.79  -2.50  -1.23  -2.28  -1.25  -1.86  -2.38  -1.00  -7.01
199007  -2.20  -2.16  -1.99  -2.79  -1.84  -3.63  -1.76  -2.19  -2.02  -1.39
199008 -11.00 -11.78 -10.72 -12.02 -11.65 -10.63 -11.58 -10.08 -10.53 -15.25
199009 -15.12 -14.71 -16.35 -15.52 -15.39 -14.41 -15.01 -15.15 -16.17 -18.89
199010  10.56   7.88  11.11   7.77  13.50   9.05  13.02   8.94   9.74  18.14
199011  -5.00  -4.94  -5.94  -3.92  -7.61  -5.42  -7.31  -5.77  -4.06 -12.59
199012   2.80   1.41   3.69   1.95   3.50   2.87   1.81   2.65   3.47   4.87
199101   0.64   0.74   0.54   0.53  -0.63   0.78  -0.44   0.92   0.82   2.07
199102  12.11  15.57  10.08  15.98  11.60  13.61  13.16  15.07   8.72  19.19
199103   1.69   1.26   1.96   1.50   1.62   1.28   1.08   0.98   2.76  -0.36
199104   0.24  -0.05   0.03  -0.21  -0.63  -0.90  -0.25  -0.16   0.72  -1.07
199105   1.29   0.65   1.05   0.49   0.59   0.81   0.51   1.34   1.18   2.52
199106  -5.24  -5.45  -5.51  -4.60  -5.55  -3.87  -5.22  -5.28  -5.11  -7.76
199107   3.10   3.79   2.47   3.39   2.18   2.93   2.75   3.24   2.33   3.45
199108  -2.18  -2.81  -1.89  -2.60  -2.72  -1.96  -3.74  -2.35  -2.17  -2.31
199109   1.68   2.12   1.16   1.88   1.67   0.47   4.70   2.60   0.36   3.57
199110   1.40   0.05   2.88   0.03   2.13  -0.08   1.77  -0.43   3.81  -0.35
199111  -5.51  -7.22  -5.24  -6.80  -4.51  -5.40  -6.77  -6.56  -4.59  -7.52
199112   0.33  -0.10   0.78  -0.16   0.82  -0.36   1.66   0.63   0.42   0.58
199201   0.30   3.14  -0.67   2.63  -1.19   1.84   1.14   1.54  -0.64  -0.17
199202  -1.20  -1.22  -1.54  -0.46  -2.15   0.03   0.25  -1.06  -2.02  -0.72
199203  -5.17  -4.74  -5.75  -4.16  -6.21  -4.04  -4.90  -4.75  -6.07  -6.63
199204   0.03   4.56  -2.57   3.38  -2.81   4.15  -0.61   2.98  -2.99  -1.70
199205   3.06   2.70   3.47   2.78   3.66   2.69   3.03   2.85   3.56   6.25
199206  -7.11  -7.23  -7.31  -6.22  -8.11  -6.96  -6.80  -7.79  -7.11  -8.54
199207  -3.26  -5.81  -1.99  -4.75  -1.38  -4.06  -4.21  -4.15  -1.80  -3.89
199208   2.67  -0.24   4.90   0.90   5.05   0.06   2.76   0.93   5.07   4.12
199209  -0.61  -0.37  -0.59  -2.29  -0.31  -2.37  -0.71  -0.24  -1.35  -1.29
199210   0.85   1.46   1.36   1.79   0.84   0.45   0.57   1.14   1.66  -3.79
199211   3.55   3.37   4.04   3.43   3.54   2.88   3.42   2.93   4.08   3.21
199212   1.12   1.72   0.79   1.45   0.49   2.26  -0.10   1.55   0.71  -0.80
199301   0.44   2.86  -0.30   1.99  -0.12   1.86  -0.63   2.42  -0.76   4.47
199302   2.62   2.58   2.08   2.82   2.35   3.54   0.96   3.10   2.22   1.08
199303   6.29   9.40   3.98   7.05   3.98  10.68   4.32   8.10   2.58   6.52
199304   5.83   7.72   4.33   5.93   5.07   5.99   4.45   7.52   4.39   8.14
199305   1.05   0.71   2.10   0.17   2.60  -0.50   0.45   0.41   2.67   3.43
199306  -0.45  -0.94   0.15  -1.33   0.29  -1.36  -1.68  -0.45   0.45  -2.48
199307   4.29   5.30   3.88   5.14   4.07   5.64   3.35   4.80   4.17   1.32
199308   4.37   5.13   4.24   4.61   4.24   4.18   4.62   3.79   4.45   4.39
199309  -2.97  -2.62  -3.10  -1.66  -3.17  -3.03  -0.83  -3.03  -2.79  -6.91
199310   4.65   4.68   4.99   4.56   5.44   5.44   2.88   4.82   5.20  -0.34
199311  -7.63  -6.84  -8.56  -6.19  -8.93  -6.06  -6.83  -6.31  -8.50  -7.35
199312   7.74   9.83   6.44   8.68   7.40   9.23   6.51   7.23   7.71  11.01
199401   7.83  10.26   7.13   6.76   8.77   9.63   7.87   7.54   7.84  13.13
199402  -2.66  -1.58  -3.20  -2.81  -2.85  -1.45  -2.59  -2.87  -2.92  -2.36
199403  -4.65  -3.58  -5.12  -4.86  -5.18  -3.46  -3.21  -3.94  -5.33  -0.73
199404   2.46   3.06   2.30   1.14   3.08   2.10   1.91   2.62   1.93   3.20
199405   0.81   1.73  -0.06   0.59   0.45   0.50   0.09   0.85   0.51   0.68
199406  -2.60  -2.03  -3.05  -1.88  -3.16  -1.97  -2.18  -1.97  -3.13  -0.62
199407   1.65   1.23   1.72   2.42   1.82   1.51   2.26   1.54   1.59   0.89
199408   2.01   2.09   2.07   1.64   1.78   3.47   2.40   1.86   1.69   1.58
199409  -4.57  -4.32  -4.53  -4.31  -4.73  -4.55  -3.67  -3.93  -4.30  -4.43
199410   1.15   1.46   0.76   0.43   1.19   1.73   0.18   1.27   0.86   1.04
199411  -2.42  -2.86  -2.17  -1.74  -2.72  -3.19  -1.57  -2.37  -2.52  -3.64
199412   1.14   0.73   1.83   1.08   1.56   1.26   0.38   0.48   1.78   0.48
199501  -4.53  -4.33  -4.31  -3.81  -4.56  -5.35  -4.74  -3.82  -4.25  -4.83
199502  -2.39  -2.50  -2.08  -1.45  -2.99  -1.28  -2.79  -1.89  -2.39  -4.00
199503  -1.18  -1.12  -0.44  -0.61  -1.02  -0.41  -0.57  -0.71  -1.35  -4.65
199504   2.99   1.80   3.60   2.45   3.98   2.30   2.64   2.16   4.05   1.40
199505  -0.22   0.15  -0.49   0.84  -0.27  -0.10  -0.55   0.28   0.45  -3.15
199506  -2.02  -1.61  -1.88  -0.76  -2.72  -0.54  -0.71  -1.53  -2.77  -4.02
199507   7.24   6.93   7.32   6.09   8.63   6.41   7.04   4.82   9.35   8.69
199508   2.97   2.97   2.96   3.45   2.47   4.34   4.34   2.54   2.20   4.66
199509   0.80   0.11   0.99   1.73   0.60   0.88   0.14   1.25   1.17  -0.19
199510  -1.30  -1.17  -1.09   0.56  -2.20  -2.41  -1.07  -0.04  -2.26  -4.54
199511   3.74   3.93   3.70   2.87   4.66   1.77   3.07   2.45   4.37   3.57
199512   3.78   4.41   3.53   3.34   4.20   3.19   2.66   3.29   3.45   3.13
199601   3.58   4.85   3.17   4.93   2.57   5.03   4.04   4.22   3.02   3.13
199602  -0.92  -0.22  -1.02   0.16  -1.53   0.44   0.06  -0.37  -1.21   0.00
199603   2.59   2.18   2.83   2.11   3.53   0.70   3.48   1.21   3.48   2.68
199604   3.60   4.12   3.10   3.18   2.79   4.65   4.04   4.11   3.06   5.40
199605  -0.71  -1.17  -0.43  -0.55  -0.75  -1.60  -0.33  -1.28  -1.02  -0.48
199606   0.98   0.70   1.10   1.17   0.64   0.85   0.62   0.39   1.06  -1.09
199607  -4.83  -4.73  -5.08  -4.08  -5.66  -5.33  -4.96  -3.66  -5.53  -6.43
199608   1.03   1.30   1.12   1.00   1.62   1.43   0.62   0.41   1.72  -0.22
199609   4.48   4.09   4.31   4.98   4.29   4.07   4.68   3.68   3.98   0.81
199610  -0.97  -1.37  -1.27  -1.04  -1.02  -1.53  -1.67  -0.59  -1.24  -1.31
199611   3.99   5.80   3.19   4.99   2.64   5.36   2.47   4.25   3.08   0.77
199612  -0.50   0.10  -1.19   0.76  -2.07   2.02  -1.36   0.59  -1.64  -2.62
199701   1.61   1.94   1.07   3.85   0.46   4.27   1.95   2.24   0.74   3.69
199702   2.28   2.62   2.12   3.44   2.00   1.89   1.71   2.29   2.76   1.13
199703   0.37  -0.47   0.23   0.15  -0.76   1.35   0.45   0.57  -0.13   0.01
199704   3.09   1.27   3.86   3.77   2.37   3.73   3.74   1.67   3.67   2.08
199705   3.70   4.41   3.71   2.69   4.26   3.07   3.56   3.28   3.60   5.01
199706   5.05   3.77   5.59   3.89   5.17   6.75   4.55   3.77   5.60   2.91
199707   5.36   5.91   5.84   7.31   4.57   4.64   5.39   4.84   6.24   3.83
199708  -6.83  -5.21  -6.91  -6.58  -6.69  -5.78  -7.70  -5.11  -7.58  -6.31
199709   4.76   3.50   5.43   5.15   3.72   2.50   5.79   3.56   5.37   0.20
199710  -8.61  -6.85  -9.88  -8.25  -9.51  -7.41  -8.27  -5.02 -10.12  -5.97
199711   1.46  -1.58   2.46   1.31   2.72   0.83   2.76   0.79   2.92  -4.31
199712   2.72   2.54   2.95   2.22   2.79   0.74   2.98   2.76   2.78  -2.30
199801   4.71  11.10   4.30   5.48   4.91   6.65   3.61   6.78   4.52  11.22
199802   5.76   9.12   5.16   8.06   6.09   5.77   4.45   6.88   5.15  11.49
199803   5.17   5.44   4.13   6.64   3.21   7.84   5.74   6.36   5.03   4.38
199804  -0.68  -0.48  -0.17  -1.82  -0.47  -0.62  -0.35  -1.28  -0.70   1.08
199805   1.58   1.26   1.76   0.28   1.65   2.21   2.06   1.59   1.57   2.24
199806   0.51  -1.72   1.08  -0.62   1.49   0.38   1.69  -0.08   1.47   3.67
199807   1.17   0.49   1.36  -0.20   1.13   1.78   0.69   1.57   1.81   3.51
199808 -13.29 -14.92 -12.07 -15.11 -11.67 -13.90 -10.92 -12.93 -12.64 -15.15
199809  -5.84  -6.60  -5.13  -6.91  -5.11  -4.72  -4.30  -7.24  -6.25 -10.69
199810   6.43   5.24   6.51   6.67   6.94   3.88   5.47   7.00   6.70   6.39
199811   7.64   7.46   7.39   8.26   6.61   6.58   6.65   6.34   8.21  10.03
199812   1.03  -0.28   2.08  -1.22   2.25   1.43   3.30   0.38   2.57   2.21
199901   2.47   0.75   2.72   1.53   3.10   0.46   2.64  -0.25   2.07  12.17
199902   0.27   1.95  -0.49   1.51  -0.29   4.03  -0.34   1.62  -0.86  -2.18
199903   4.59   8.70   2.89   6.08   3.63   6.93   1.70   7.62   2.74   3.84
199904   5.68  11.12   3.11   9.01   4.33  11.96   2.79  10.22   3.25   6.39
199905  -3.55  -4.54  -3.14  -2.56  -3.14  -3.41  -1.06  -3.50  -3.43  -0.83
199906   4.82   7.73   4.54   5.23   4.99   7.50   4.65   4.35   5.10   8.18
199907  -0.28   1.67  -0.57   1.25  -0.91   3.68  -0.50   2.27  -1.04   1.01
199908   0.86   2.47   0.22   0.34   0.18  -0.98   1.38   0.89   0.23   0.19
199909  -0.59  -0.35   0.17  -2.30   0.30  -0.84   0.30  -1.96   0.49   1.66
199910   4.17   0.51   4.87  -0.38   5.83   1.02   3.82  -0.28   5.99   2.78
199911   6.66  -0.22   8.10   1.95  10.43   3.86  10.36  -0.26   8.32   9.06
199912   9.02   4.32   9.87   9.49   8.29   7.58   9.86   2.48  10.89   6.11
200001  -3.81  -3.62  -4.18  -2.92  -4.30  -2.21  -2.96  -4.60  -3.50   2.45
200002   4.98  -5.60   7.72   0.76   8.76  -1.61  10.66  -2.46   7.98   7.19
200003   1.90   6.84   0.92   3.55  -0.31   4.73  -1.57   4.20   0.78  -4.48
200004  -1.43   1.87  -2.37   1.66  -2.57   1.60  -2.93   2.09  -2.71  -2.66
200005  -2.92   3.11  -5.23   1.51  -6.26   1.29  -6.66   3.26  -5.77  -5.95
200006   1.85   4.01   1.52   3.15   1.33   2.92   0.99   3.86   1.78   5.18
200007  -1.19  -0.59  -2.04   1.13  -1.11   0.12  -1.97  -0.01  -1.86  -4.20
200008   3.44   3.02   3.46   0.86   3.71   1.11   3.79   2.87   3.62   4.84
200009  -4.22  -1.77  -5.59  -0.88  -5.09  -1.26  -6.29  -1.29  -5.97  -5.84
200010  -0.45   1.94  -1.72   1.82  -2.35   1.98  -2.78   3.32  -2.40  -1.13
200011  -3.53   2.73  -4.93   0.70  -5.13   2.37  -6.49   2.42  -6.08 -12.45
200012  -1.07   0.84  -2.70   1.76  -3.57   1.31  -3.89   2.32  -2.86   0.34
200101   1.89   4.16   1.40   4.14   1.30   4.17   1.59   4.19   0.52   9.36
200102  -6.62  -2.09  -8.09  -1.59  -9.40  -0.88  -9.92  -1.28  -8.86 -12.77
200103  -3.43  -3.66  -4.32  -1.89  -4.76  -3.53  -4.81  -2.61  -4.86 -10.60
200104   6.56   7.59   7.56   5.81   7.46   6.55   7.83   6.33   6.03  11.65
200105  -1.90  -2.04  -2.29   0.48  -3.65   0.21  -2.90  -0.48  -2.34  -5.23
200106  -2.65  -2.70  -3.24   0.05  -3.48  -3.08  -4.45   0.10  -3.47  -8.76
200107  -3.84  -2.94  -4.39  -2.78  -4.28  -2.24  -4.33  -1.95  -4.17  -6.93
200108  -5.60  -4.03  -7.25  -2.47  -7.44  -3.88  -8.95  -2.09  -7.60  -9.30
200109 -10.21 -13.08  -8.60 -13.85  -8.28 -14.33  -6.81 -10.84  -9.58 -20.53
200110   4.14   4.81   4.36   4.90   4.14   5.43   4.79   3.49   4.59  17.92
200111   4.36   6.02   4.76   5.53   4.41   6.50   6.20   3.86   5.87   7.83
200112   1.63   0.75   1.32   2.76   0.99   2.14   0.84   1.50   1.26  -1.89
200201  -2.20  -3.40  -1.99   0.47  -4.14  -1.17  -3.95   0.27  -3.36  -3.99
200202   0.40  -0.66   1.32   1.66  -0.36   2.07   0.02   0.73  -0.19  -1.61
200203   4.71   4.97   3.86   7.15   4.26   6.25   3.37   5.68   3.93   6.69
200204  -2.01  -3.15  -2.37   0.21  -3.53  -1.71  -4.28   0.27  -3.02  -7.62
200205  -1.16   0.76  -2.65  -0.41  -2.86   0.51  -3.62   0.56  -2.65  -1.87
200206  -8.00  -9.45  -6.80  -8.23  -8.23  -8.47  -8.17  -7.73  -7.78 -13.93
200207  -9.07  -8.30  -9.45  -9.45  -9.52  -7.71  -8.81  -8.78  -9.66  -9.44
200208  -0.29  -0.71  -1.10   0.31  -1.10  -0.96  -1.07   0.31  -1.45  -1.41
200209 -10.51 -11.23  -8.34 -10.64  -9.86 -11.44  -8.89 -11.18 -10.85 -14.73
200210   5.37   4.59   5.08   2.61   7.44   3.99   7.34   3.79   8.26   7.17
200211   4.65   7.02   2.94   5.71   5.01   7.01   4.47   4.78   5.80  10.82
200212  -6.56  -6.22  -6.44  -5.06  -7.95  -5.57  -7.09  -5.40  -7.35  -9.53
200301  -4.81  -1.80  -5.32  -4.15  -5.62  -1.42  -4.73  -3.50  -5.90  -0.76
200302  -1.69  -2.26  -1.82  -2.34  -1.46  -5.71  -1.93  -3.85  -2.03  -1.37
200303  -2.31  -3.37  -1.31  -4.12  -1.59  -3.29  -1.39  -3.47  -2.32  -3.12
200304   8.12  10.57   6.84  11.93   7.38  10.81   7.47  13.07   7.75   9.44
200305   3.24   7.53   3.11   3.38   2.56   5.52   3.28   4.71   3.62   6.94
200306   3.27   3.85   2.32   4.24   2.55   4.83   1.38   2.35   2.53   6.11
200307   4.32   6.59   2.49   5.98   2.74   5.08   2.71   6.83   4.09   7.10
200308   3.25   5.28   3.14   3.12   4.01   5.74   3.90   2.14   3.00   5.49
200309  -1.61   2.11  -1.34  -1.78  -1.19  -2.68  -1.45  -1.08  -1.76   0.37
200310   5.25   7.57   3.71   6.19   5.33   5.41   3.73   7.57   4.38   8.40
200311   0.27   0.32   0.46  -0.10  -0.18  -0.89   0.73  -0.30   0.27  -0.58
200312   3.58   4.15   3.29   3.14   3.47   3.28   2.45   3.76   3.05   2.45
200401   1.91   3.48   1.80   1.16   1.91   2.40   1.97   3.01   1.44   7.49
200402   2.63   3.61   2.35   3.84   2.66   3.73   2.05   3.12   1.92   3.51
200403   0.00   0.22  -0.44   0.56  -0.12   0.66  -0.51  -0.05  -0.36   1.43
200404   1.03   1.77   0.82   1.59   0.51   1.33   0.69   0.63   0.38  -0.67
200405  -1.48  -1.62  -1.63  -1.58  -1.33  -1.38  -1.26  -0.53  -1.45  -3.65
200406   2.50   3.48   2.19   3.14   1.86   4.31   1.63   3.19   1.69   3.30
200407  -2.09  -1.83  -2.68  -0.97  -2.60  -1.05  -3.37  -0.53  -2.76  -6.66
200408  -0.35   0.29  -0.54  -0.22  -1.37  -1.08  -0.93  -0.01  -0.60  -2.24
200409   1.48   1.84   0.87   1.69   1.59   0.88   1.12   1.29   1.55   1.21
200410   1.07   1.06   0.66   0.83   0.16   1.67   0.12   1.63   0.82   3.08
200411   2.54   3.78   2.13   1.68   3.24   2.35   2.22   2.45   3.60   4.80
200412   3.50   4.20   3.06   4.82   2.66   3.46   3.60   3.73   2.87   4.36
200501   1.11   1.82   0.84   1.19   1.16   2.55   0.59   1.73   0.59   4.03
200502   2.97   2.91   2.70   3.48   2.90   3.18   2.56   2.81   3.76   0.91
200503  -0.38   0.27  -0.52  -0.49  -0.15  -0.31  -0.30  -0.38  -0.24  -1.29
200504  -2.91  -3.88  -1.95  -3.47  -2.21  -4.00  -1.57  -2.50  -3.73  -5.34
200505   3.67   3.81   3.66   3.53   4.08   4.09   3.93   3.46   4.05   4.75
200506   3.52   2.92   3.44   4.54   3.01   3.92   3.26   3.92   3.48   3.39
200507   4.08   4.92   3.15   4.13   4.45   3.98   3.45   4.07   4.68   3.92
200508   1.27   1.47   1.67   0.99   1.09   1.45   1.20  -0.06   2.40   3.82
200509   5.82   5.28   5.43   6.12   4.81   5.38   5.55   5.45   5.48   5.99
200510  -1.95  -0.65  -2.43  -2.42  -1.90  -3.27  -2.06  -1.85  -2.35   1.03
200511   4.25   3.24   4.08   4.83   4.64   3.69   4.13   3.99   3.78   6.13
200512   4.68   4.00   5.17   3.95   5.25   4.75   5.31   3.81   5.78   6.06
200601   3.81   2.91   3.51   4.25   4.19   3.84   3.29   3.18   5.00   4.80
200602   0.75   2.56  -0.46   0.65  -0.05  -0.52  -0.31   1.64  -0.40  -0.94
200603   3.57   3.79   4.34   2.86   4.08   3.99   4.30   2.38   5.02   5.86
200604   0.45   0.39   0.32   1.36   0.08   1.27  -0.19   0.88   0.09   0.13
200605  -5.79  -5.59  -5.53  -5.52  -6.63  -5.45  -6.17  -4.83  -6.67  -7.64
200606   0.87   0.09   1.51   0.28   1.63   0.29   1.39   0.57   1.41  -1.23
200607   0.86   1.28   0.20   1.59   0.15   1.34  -0.24   1.50  -0.15  -1.63
200608   2.63   2.70   2.57   2.47   3.22   1.59   3.23   2.96   2.50   4.32
200609   1.36   2.70   0.66   1.91   1.07   2.04   0.92   2.06   0.47   0.89
200610   2.96   4.02   2.74   3.43   2.52   4.34   1.99   3.47   2.75   2.35
200611   0.41   0.83   0.38   0.24   0.55   0.72   1.15   0.49   0.58   3.37
200612   4.20   5.01   3.29   5.09   3.64   4.58   3.44   4.95   3.09   3.53
200701   1.76   2.61   1.52   1.77   1.85   1.85   1.35   1.77   1.30   1.56
200702  -0.33  -0.45   0.03  -0.54   0.03   0.56  -0.64  -0.25   0.11  -0.03
200703   2.07   1.39   2.18   1.58   2.94   3.13   2.63   1.92   3.01   1.68
200704   2.82   2.58   2.61   2.74   3.03   2.58   2.57   3.00   2.38   2.37
200705   3.33   3.73   3.03   4.44   2.33   4.63   2.31   2.78   4.62   2.07
200706  -0.23  -0.16   0.50   0.01  -0.36   1.86  -1.24  -0.78   1.10  -1.04
200707  -2.99  -3.87  -2.04  -2.96  -1.96  -2.91  -1.97  -3.50  -1.84  -2.02
200708  -1.39  -1.56  -0.56  -2.68  -0.68  -1.09  -0.41  -1.09  -2.29  -4.24
200709   2.05   1.05   2.76   2.57   1.87   3.45   2.65   1.58   3.55   3.16
200710   2.80   2.42   2.81   2.23   3.87   3.22   3.05   2.23   3.52   6.38
200711  -4.23  -6.40  -2.98  -5.32  -5.54  -4.83  -4.24  -4.43  -4.40  -7.91
200712  -1.08  -0.51  -1.21  -0.94  -1.21  -0.45  -0.76  -1.02  -1.42  -2.72
200801 -10.51  -9.86 -11.54 -10.51 -10.37 -10.34 -10.64  -9.61 -10.38 -11.57
200802   0.24  -1.49   1.28  -0.16   1.24  -0.16   0.79  -0.68   2.87   2.78
200803  -3.46  -2.47  -4.44  -3.25  -3.82  -3.07  -3.52  -2.30  -3.59  -4.53
200804   6.36   5.44   6.79   8.06   4.88   6.94   5.22   5.93   6.34   5.23
200805   2.27   0.13   3.39   1.27   2.79   1.24   2.78   0.73   3.08   4.14
200806  -8.08  -9.76  -6.93  -9.86  -6.88  -8.84  -6.98  -8.74  -6.71  -7.47
200807  -2.82  -1.29  -3.60  -3.12  -2.28  -2.65  -2.76  -0.73  -4.59  -6.00
200808   0.46   1.18   0.24   0.61  -0.27   1.25  -0.42   1.81  -0.20  -1.29
200809 -12.25 -10.77 -14.61 -12.98 -13.52 -11.11 -13.09 -10.72 -14.38 -17.13
200810 -15.73 -18.54 -16.63 -17.51 -16.52 -14.48 -18.33 -15.98 -15.75 -23.05
200811  -4.63  -4.24  -2.80  -5.30  -3.66  -5.55  -2.84  -5.42  -4.98  -4.53
200812   1.14   0.92   1.98   0.52   1.74  -0.52   3.09   0.18   0.94   2.66
200901  -5.20  -6.70  -4.50  -6.40  -3.69  -6.59  -4.05  -7.37  -4.33  -0.47
200902  -7.10  -9.25  -7.28  -8.76  -6.65  -6.99  -6.01  -8.25  -6.98  -6.19
200903   3.83   6.89   2.46   7.53   0.87   6.47   1.64   5.98   2.92   4.88
200904  11.06  21.31   5.46  20.26   4.74  17.99   5.00  19.53   7.02  13.53
200905   6.70   8.66   5.25   9.52   4.43   8.38   5.66   8.28   6.49   8.93
200906   0.31   0.79   0.94  -0.41   1.01  -0.27   0.31   0.48   0.06   1.62
200907   6.74   9.08   4.58   9.23   4.23   9.02   4.38   9.64   5.28   2.94
200908   3.93   7.37   1.58   6.38   1.40   5.91   2.28   6.71   1.77   4.94
200909   2.69   2.98   2.59   3.09   2.49   3.05   2.64   2.65   3.06   2.59
200910  -2.29  -3.70  -2.25  -3.01  -2.60  -2.33  -1.90  -3.02  -2.29  -3.64
200911   0.21  -0.87   0.62  -0.40   0.41  -0.04   0.93  -0.37   1.50  -2.35
200912   5.19   5.36   5.13   5.54   3.98   5.77   4.31   5.52   4.05   4.38
201001  -2.86  -2.27  -2.88  -2.65  -2.57  -2.78  -2.07  -2.14  -3.22  -1.73
201002   0.60   0.74   1.10   0.44   0.68   0.37   0.79   1.09   0.71  -0.51
201003   7.12   8.14   6.55   7.18   6.82   7.59   6.67   5.94   8.16   9.22
201004  -0.08   0.53  -0.63   0.44  -0.20  -0.10   0.36   0.20  -0.87   1.96
201005  -6.78  -7.29  -6.04  -7.16  -6.23  -6.74  -5.90  -6.42  -6.25  -9.27
201006  -2.32  -2.41  -1.68  -3.51  -1.68  -2.61  -0.73  -2.09  -1.92  -4.41
201007   4.35   5.62   3.56   4.72   3.65   4.91   3.26   4.16   4.74   6.29
201008  -2.09  -2.90  -1.29  -2.10  -1.71  -1.85  -1.80  -0.99  -1.88  -3.14
201009   5.37   5.51   5.66   5.01   5.52   5.54   5.54   3.92   5.81   7.86
201010   1.81   1.80   1.91   2.08   1.92   2.08   1.39   2.13   1.41   2.58
201011  -0.27  -1.54   1.06  -0.52   0.65  -0.11   0.32  -0.99   0.35   0.39
201012   5.07   5.97   4.27   6.06   4.20   5.43   4.96   4.61   5.40   6.60
201101   1.37   3.99  -0.50   3.05  -0.32   3.00  -0.18   2.45  -0.21   2.04
201102   2.18   2.24   2.16   2.18   1.96   1.83   1.66   2.15   2.03   2.79
201103  -2.01  -3.29  -0.77  -2.31  -1.62  -2.86  -1.24  -2.01  -1.28  -2.89
201104   1.61   0.77   2.31   1.26   2.38   1.21   2.29   1.28   1.88   1.29
201105  -1.06  -2.04  -0.28  -0.94  -1.55  -1.13  -1.01  -0.71  -1.16  -2.47
201106  -1.59  -1.81  -1.58  -1.71  -1.53  -1.58  -1.76  -1.33  -1.16  -3.34
201107  -2.82  -4.24  -1.37  -3.25  -1.94  -2.96  -1.86  -2.66  -2.18  -3.30
201108  -7.89  -9.60  -5.95  -7.22  -8.51  -7.81  -7.45  -5.74  -9.10 -10.76
201109  -5.21  -4.90  -6.00  -3.12  -7.52  -3.47  -7.45  -2.10  -8.17  -9.08
201110   5.66   5.16   5.89   4.17   7.73   5.05   6.83   3.92   7.90   5.49
201111  -2.68  -3.93  -1.59  -2.78  -2.67  -2.58  -3.01  -2.04  -2.51  -5.12
201112   0.17   0.24  -0.81   1.19  -1.66   0.87  -1.75   1.63  -1.80  -1.35
201201   4.54   7.32   3.05   7.48   3.58   5.79   3.97   3.43   5.71   9.00
201202   5.52   6.45   5.28   5.46   5.21   4.74   5.63   4.95   5.02   5.97
201203   0.27  -0.65   1.17  -0.34   1.04  -0.95   1.00   0.98   0.06  -0.11
201204  -2.21  -4.51  -0.68  -3.15  -0.96  -3.44  -1.08  -2.67  -0.94  -4.04
201205  -7.40  -9.44  -6.21  -9.11  -6.10  -8.55  -6.07  -6.92  -7.51 -11.38
201206   4.23   5.49   3.32   4.93   3.66   4.67   3.52   6.01   3.05   2.90
201207   1.12  -0.16   1.54   0.54   1.51   0.17   1.91   0.68   1.53  -0.85
201208   1.78   2.35   1.59   1.97   1.65   1.73   1.64   2.07   2.11   1.91
201209   2.16   3.48   1.54   3.45   2.17   2.47   2.47   2.08   1.98   4.32
201210   1.13   1.93   0.63   2.27   0.36   1.66   0.47   0.95   1.01   1.78
201211   2.38   2.48   2.75   2.93   2.29   2.18   2.41   1.78   2.61   1.40
201212   3.32   5.06   2.17   4.49   2.11   4.41   1.75   3.18   2.80   5.30
201301   5.71   6.75   5.07   6.28   4.87   5.84   4.89   5.94   4.54   8.59
201302   1.91  -0.03   3.14   0.43   3.28   0.15   2.68   1.46   2.79  -0.08
201303   1.67  -0.11   3.39   0.60   3.10   0.36   3.53   2.25   1.83  -0.25
201304   3.70   4.32   3.31   4.24   3.07   3.72   2.97   4.86   2.54   5.49
201305   0.85   1.88   0.68   1.08   0.74   1.65   0.38  -0.07   1.76   5.16
201306  -3.59  -4.58  -3.19  -3.84  -3.30  -3.97  -3.15  -2.59  -4.13  -6.76
201307   4.02   5.16   3.17   4.92   3.57   5.04   3.41   3.64   4.37   5.17
201308  -0.77  -0.40  -0.68  -0.68  -0.50  -0.14  -0.89  -0.76  -0.77   1.25
201309   4.80   5.18   4.61   4.82   4.51   5.12   4.44   5.25   4.28   7.77
201310   3.28   3.84   2.30   3.60   2.60   3.36   2.33   3.80   2.58   2.28
201311   1.57   1.30   1.60   1.39   1.56   1.38   1.31   1.52   1.42   1.61
201312   1.60   1.75   1.88   1.63   2.23   1.93   1.82   1.51   1.94   2.10
201401  -2.26  -1.08  -2.76  -2.44  -2.14  -2.03  -1.91  -2.15  -3.29   1.68
201402   3.66   3.58   3.78   3.47   3.07   3.65   3.11   4.09   3.46   3.72
201403  -0.05  -0.09  -0.71   0.73  -1.12   0.49  -1.45   0.35  -0.49  -2.69
201404   0.43   1.00  -0.86   1.65  -0.22   1.57  -0.87   1.41  -0.19  -2.27
201405   2.19   1.72   2.57   2.09   2.10   2.05   2.04   2.65   1.91   2.28
201406   0.65   0.42   0.58   0.99   0.63   1.10   0.71   1.16   1.03   0.62
201407  -0.11  -0.01  -0.45   0.09  -0.15  -0.33   0.41  -0.15  -0.41  -0.93
201408   1.01   1.01   1.08   1.01   1.18   0.53   1.37   1.12   1.31   0.95
201409  -0.42  -1.07   0.05  -1.13  -0.68  -1.33  -0.41  -0.49  -0.90  -1.05
201410  -0.47  -1.57   0.84  -0.82  -0.04  -1.32   0.23  -0.20  -0.10  -2.68
201411   2.95   2.51   3.45   1.92   3.14   2.09   3.75   2.47   3.62   2.80
201412  -0.91  -1.03  -0.76  -1.40  -0.41  -0.98  -0.38  -1.23  -0.34  -1.46
201501   2.99   1.50   4.45   1.58   3.61   2.62   3.99   2.74   3.57   1.94
201502   5.90   7.31   5.07   6.63   5.70   5.99   5.67   5.52   5.94   6.61
201503   1.35   0.62   2.27   0.85   2.11   0.64   2.23   0.70   1.40   1.06
201504   1.60   3.34   0.86   2.11   0.97   2.77   0.52   1.93   1.40   3.10
201505   1.74   1.76   2.16   1.29   1.52   1.13   2.50   0.48   2.80   4.01
201506  -3.79  -3.88  -3.87  -3.97  -3.86  -3.89  -3.56  -3.85  -3.54  -3.57
201507   2.75   1.05   4.01   1.55   3.74   1.48   3.95   2.60   3.63   1.59
201508  -6.85  -6.99  -6.73  -7.11  -6.49  -7.09  -6.60  -6.77  -6.60  -6.39
201509  -4.29  -6.00  -3.40  -5.09  -3.34  -5.54  -3.12  -4.76  -3.01  -5.25
201510   7.09   7.19   7.28   7.68   6.12   8.21   6.23   7.41   7.90   3.77
201511   1.28   0.39   2.35   0.89   1.21   0.71   1.90   0.93   1.89   0.07
201512  -2.29  -2.49  -1.93  -2.90  -2.10  -3.07  -1.62  -2.62  -1.88  -1.18
201601  -5.64  -8.04  -4.22  -7.03  -5.40  -6.59  -4.61  -5.20  -5.37  -9.57
201602  -2.86  -2.79  -2.22  -3.77  -2.08  -2.99  -2.19  -2.91  -1.37  -3.53
201603   3.72   4.34   2.95   4.37   2.49   4.28   3.15   4.37   3.27   4.80
201604   1.18   3.91  -0.43   2.14   0.33   2.63  -0.30   2.15   0.44   1.94
201605   2.05   0.14   3.21   1.05   3.30   0.72   3.43   0.98   3.06   1.20
201606  -3.89  -5.35  -2.51  -5.58  -4.03  -4.33  -2.83  -3.79  -3.58  -7.04
201607   4.63   5.22   3.67   5.78   4.98   5.03   4.34   4.32   4.91   4.35
201608   0.69   2.22  -0.98   3.08  -0.06   2.46  -0.50   2.23  -0.18   1.56
201609   0.76   0.47   1.22   0.14   1.11   0.67   1.00   0.56   1.24   1.22
201610   1.08   4.23  -0.97   3.56  -0.35   3.18  -1.28   2.83  -0.75   1.05
201611   1.27   3.17  -0.18   2.81   0.08   2.31  -0.48   2.48   0.12   1.97
201612   3.93   4.63   2.81   4.93   2.88   4.92   2.67   4.50   2.85   3.04
201701   0.58   0.81   0.39   0.20   0.77   0.17   0.68  -0.69   1.73   2.16
201702   2.00   1.06   2.53   1.56   2.25   1.45   2.52   1.56   1.95   1.56
201703   2.34   1.97   3.09   2.34   2.86   2.18   2.61   2.11   2.35   2.26
201704   1.75   1.15   2.19   1.92   2.21   1.43   2.33   0.86   2.60  -0.09
201705   2.14   0.78   3.49   1.51   3.14   2.01   3.11   2.00   2.84   1.64
201706  -0.61   0.57  -1.60   0.61  -1.34  -0.14  -1.12  -0.24  -1.01  -0.30
201707   0.75   1.87  -0.37   1.51   0.68   1.42   0.50   1.09   0.52   1.94
201708   0.24  -0.07   0.59  -0.07   0.63   0.02   0.49  -0.36   0.99   0.59
201709   2.77   3.45   2.35   3.36   2.96   3.17   2.24   3.26   1.90   2.05
201710   3.01   2.57   3.03   2.52   3.83   2.85   3.37   2.16   4.03   3.04
201711  -0.34  -0.43  -0.26  -0.60   0.01  -0.77   0.06  -0.07  -0.03  -2.12
201712   1.20   2.06   0.82   1.28   0.98   1.15   1.27   0.96   1.39   2.49
201801   1.33   1.77   1.48   1.61   1.67   0.97   1.79   0.71   1.76   3.44
201802  -3.04  -3.26  -2.81  -2.63  -2.38  -2.95  -2.28  -3.06  -2.64  -1.75
201803  -1.62  -2.35  -0.85  -2.14  -0.96  -1.77  -0.70  -1.93  -1.07  -3.55
201804   3.92   4.89   2.62   3.95   4.00   5.06   3.47   4.31   3.38   1.73
201805  -0.02  -2.21   2.35  -2.43   2.61  -1.27   2.56  -1.92   2.30   1.26
201806  -0.50  -1.29  -0.12  -0.98  -0.13  -0.78  -0.23  -0.25  -0.35  -1.50
201807   2.03   2.58   1.99   2.97   0.68   2.68   1.15   3.09   1.20   0.59
201808  -1.29  -2.44   0.70  -1.67  -0.12  -2.11   0.53  -2.31  -0.02  -1.32
201809   1.06   1.98  -0.41   1.34  -0.35   2.10  -0.36   1.66   0.17  -0.64
201810  -6.87  -6.04  -8.04  -5.75  -8.12  -5.85  -8.42  -4.76  -8.50  -9.53
201811   0.06  -0.74   0.77   0.04   0.05  -0.18   0.53   0.42  -0.57  -0.60
201812  -6.01  -6.15  -6.40  -6.23  -6.33  -5.30  -6.21  -5.68  -5.95  -8.21
201901   5.80   6.54   5.47   7.17   5.07   6.62   4.66   5.77   5.52   6.34
201902   3.37   2.49   4.48   2.81   4.49   2.52   4.76   2.70   4.04   3.31
201903   1.24  -0.24   2.71  -0.29   2.76   0.05   2.95   0.08   2.05   0.32
201904   3.37   3.69   3.69   4.06   3.22   3.74   3.54   3.75   3.66   3.34
201905  -4.46  -6.08  -2.68  -6.43  -2.84  -6.32  -2.73  -5.17  -3.69  -3.99
201906   3.73   3.17   4.07   3.69   3.76   3.91   3.93   3.51   3.79   1.71
201907   0.59  -0.40   1.38  -0.18   1.31  -0.31   1.44  -0.07   0.99   2.28
201908  -2.31  -4.25  -1.09  -3.45  -0.98  -3.28  -0.73  -3.00  -2.03  -2.74
201909   3.16   5.41   1.21   5.10   1.53   4.43   1.53   5.14   1.78  -0.29
201910   1.75   1.90   2.30   2.66   1.93   2.01   1.84   2.07   2.05   0.78
201911   2.39   1.92   3.15   2.26   2.94   2.37   2.93   1.60   3.41   3.19
201912   1.56   2.20   1.18   2.12   1.38   1.82   1.16   1.68   1.33   2.29
202001  -1.23  -3.67   0.13  -3.03  -0.20  -3.51  -0.44  -2.31  -0.43  -0.98
202002  -7.86  -8.50  -7.58  -8.13  -7.48  -8.13  -7.19  -8.57  -7.06  -6.53
202003 -13.16 -19.87  -7.76 -17.24 -10.20 -17.69  -9.17 -17.84 -10.48 -14.56
202004   6.72   5.45   8.55   4.77   8.27   5.33   8.21   4.77   8.32  14.58
202005   4.40   2.59   6.65   2.63   6.77   2.75   7.04   2.29   6.18  10.66
202006   2.42   2.64   2.19   2.96   1.81   2.95   1.81   2.59   2.33   4.67
202007  -0.94  -3.43   0.58  -3.35   0.67  -2.56   0.79  -2.86   1.06   2.27
202008   4.46   5.80   3.85   5.75   4.51   5.35   4.31   5.14   4.48   5.14
202009  -0.62  -3.14   1.19  -2.68   0.70  -2.61   0.91  -3.07   0.95   1.41
202010  -3.23  -2.56  -3.70  -2.58  -4.00  -2.22  -3.97  -2.72  -3.04  -1.58
202011  12.38  16.92   9.93  16.54  10.27  16.15   9.82  15.72  10.84  10.67
202012   2.84   2.69   2.35   3.38   2.89   3.63   2.50   2.78   3.18   3.97
202101  -0.12   0.32  -0.14  -0.55  -0.43   0.18  -0.32   0.20  -0.90   2.79
202102   3.02   7.75   0.87   6.86   0.40   6.76  -0.12   5.93   1.93   1.47
202103   5.03   7.00   2.19   7.66   3.33   7.48   2.94   6.41   3.70  -0.65
202104   1.72   0.35   3.01   0.66   3.26   0.29   3.09   0.59   3.31   3.11
202105   2.10   3.20   1.23   3.85   1.89   3.47   1.19   2.83   1.84  -2.52
202106   1.36  -0.39   3.13  -0.11   2.39   0.20   2.50   0.28   1.68   3.73
202107   0.47  -0.54   1.62  -0.08   1.60  -0.62   1.85   0.00   1.50  -1.30
202108   2.20   2.11   3.34   1.21   3.57   1.41   3.88   1.42   2.84   4.62
202109  -1.46   1.15  -3.10   0.47  -2.42   1.10  -3.08   0.35  -2.36  -3.49
202110   2.38   2.26   2.85   2.70   2.99   2.24   2.82   1.86   3.51   0.15
202111  -2.37  -4.29  -0.73  -3.78  -0.97  -3.48  -1.38  -2.91  -1.48  -2.26
202112   3.68   5.05   1.06   4.93   3.09   4.65   2.37   4.91   2.82  -2.77
202201  -4.14   2.03 -11.60   1.92 -10.99   1.83 -11.23   2.90  -9.26 -13.53
202202  -2.22  -1.68  -3.42  -2.44  -3.54  -1.25  -3.25  -1.67  -2.90  -4.14
202203   2.21   1.95   2.24   2.12   2.65   2.12   2.54   2.17   2.83   1.84
202204  -1.93  -0.98  -4.73  -0.92  -4.41  -0.03  -4.43   0.60  -4.13  -6.46
202205  -0.28   1.74  -2.23   1.33  -1.82   1.74  -1.88   1.92  -1.44  -2.06
202206  -6.47  -7.41  -6.52  -6.02  -6.79  -6.58  -6.48  -6.53  -6.54  -9.84
202207   5.58   3.06   9.73   1.70   9.26   2.19   9.41   2.43   9.22   7.16
202208  -2.20  -0.33  -3.86  -1.68  -3.21  -1.12  -3.29  -1.12  -3.57  -1.16
202209  -6.43  -6.12  -7.56  -6.02  -7.88  -6.34  -7.28  -5.78  -7.96  -9.51
202210   4.72   5.68   3.96   4.59   4.19   5.07   4.47   5.50   3.92   4.77
202211   6.16   5.92   7.22   6.22   7.29   5.73   6.70   5.59   7.36   5.62
202212  -2.89  -0.99  -4.55  -0.65  -4.87  -0.95  -4.25  -1.06  -4.01  -5.59
202301   6.22   7.76   6.04   7.64   5.96   6.51   5.95   5.89   6.08   8.68
202302   0.35   2.04  -0.62   1.20  -0.34   1.43  -0.27   1.19   0.19  -0.32
202303   0.38  -4.24   3.40  -2.17   2.83  -1.31   3.03  -1.43   2.11  -0.81
202304   2.14   2.91   1.58   1.72   1.96   2.06   2.00   2.64   1.33   0.06
202305  -1.87  -1.95  -0.63  -1.98  -1.07  -3.13  -0.57  -2.81  -0.90  -0.67
202306   3.52   4.58   2.21   5.51   2.01   5.11   2.01   4.16   2.26   4.13
202307   1.89   3.69   0.97   3.65   0.41   3.21   0.15   3.03   0.96   2.88
202308  -1.89  -1.03  -2.60  -1.68  -2.85  -0.68  -2.69  -1.14  -2.31  -5.23
202309  -1.59   0.60  -4.26   0.43  -3.82   0.92  -3.86   0.60  -3.99  -4.37
202310  -3.54  -4.25  -3.66  -4.26  -3.77  -3.61  -3.40  -3.45  -3.61  -8.12
202311   5.61   5.07   6.40   5.99   6.16   4.72   6.89   4.74   6.78   8.35
202312   3.07   3.21   3.35   3.34   3.81   2.62   3.42   3.03   3.79   3.85
202401   1.81   1.31   1.85   1.51   1.59   1.56   1.85   1.81   2.28  -1.83
202402   2.98   1.33   4.70   1.52   5.01   0.85   5.51   0.68   3.98   4.29
202403   3.85   6.15   1.99   5.26   2.92   5.12   2.43   5.13   3.10   2.40
202404  -1.09   0.54  -2.66   0.84  -2.43   0.97  -2.89   0.61  -2.58  -3.16
202405   2.51   3.96   2.17   2.60   2.98   2.38   2.68   3.02   2.73   4.12
202406  -1.01  -2.97   0.57  -2.42   0.53  -2.85   0.80  -1.95   0.16  -1.25
202407   1.30   2.69   0.21   1.91   0.91   1.81   0.15   3.03   1.01   0.01
202408   0.33  -1.19   1.21  -1.32   1.38  -0.93   1.25  -0.32   1.26  -0.03
202409   0.57   0.97   0.53   1.07   0.18   0.72   0.48   0.68   0.66   1.09
202410  -1.46  -0.25  -2.65  -0.54  -1.75  -0.82  -2.30  -0.56  -2.00  -1.04
202411   0.93   0.96   1.05   0.61   0.73   0.19   0.69   0.45   0.82   2.47
202412   0.49   0.87   0.15   1.02   0.12   0.99   0.01   0.54   0.09  -0.06
202501   4.21   4.17   5.34   3.81   5.46   3.60   5.18   3.60   4.86   4.77
202502   0.41   2.64  -1.52   2.67  -2.00   2.46  -1.86   2.92  -1.11  -0.78
202503  -2.39  -0.24  -5.08  -0.40  -4.67  -0.52  -5.18   0.70  -4.17  -4.67
202504   0.29  -1.18   1.48  -1.25   1.83  -1.44   1.79  -0.28   1.32   0.69
202505   4.85   5.33   5.28   5.14   4.99   4.92   5.30   4.33   5.51   7.37
202506   1.03   1.73   1.02   0.62   1.58   0.59   1.52   0.70   1.28   4.43
202507   1.75   4.32   0.16   4.19   0.51   3.99  -0.19   3.21   0.72   2.95
202508   2.37   3.63   0.65   3.54   0.44   3.50   0.26   3.31   0.19   3.33
202509   1.96   2.30   1.77   1.88   0.97   1.74   1.08   1.45   1.83   3.72
202510   2.89   1.65   3.42   2.28   4.13   2.37   3.69   1.47   3.41   5.44
202511   0.94   3.86  -0.93   3.45  -2.67   3.75  -2.06   3.79  -1.86  -2.68
202512   1.82   3.69  -0.06   3.72  -0.06   3.09  -0.12   3.03   0.91   0.49

     Value-Weight Dollar Returns      All 4 Data Items Required
                -- BE/ME --   --- E/P ---   --- CE/P --   ------  Yld  -----
          Mkt   High    Low   High    Low   High    Low   High    Low   Zero
197501  17.39  16.03  17.63  17.12  17.46  16.48  18.42  15.00  18.24   6.73
197502  13.59  15.63  12.56  15.92  11.77  15.20  12.67  14.53  12.74   6.28
197503  -0.78  -1.07   0.17  -0.42  -1.66  -1.34  -0.36  -1.46   0.11   1.70
197504   4.29   4.24   4.36   3.87   3.82   3.00   4.91   1.70   6.06  -3.23
197505  -0.15  -0.67  -0.75   0.48  -0.66   0.88  -0.97  -0.59  -0.83  -6.33
197506  -3.88  -4.31  -4.70  -3.61  -5.14  -4.30  -4.05  -5.30  -3.44  -4.16
197507  -4.40  -4.57  -4.48  -4.42  -3.72  -3.51  -4.59  -3.30  -4.28  -8.03
197508  -0.14   0.04  -0.79  -0.32  -0.67  -0.40  -0.63  -0.18  -1.01  -4.87
197509  -4.76  -3.61  -4.98  -4.68  -4.31  -5.16  -5.22  -4.24  -5.33  -5.23
197510   9.53   9.40   8.76  10.35   8.28  10.20   9.07  10.51   8.30  11.04
197511   2.74   3.49   2.60   2.50   1.20   1.74   2.86   2.31   3.31  -4.39
197512   2.78   3.20   1.62   3.62   1.81   3.61   1.40   3.44   2.08   1.82
197601   4.72   7.99   1.87   6.38   3.64   7.40   2.08   7.69   2.59   5.46
197602  -0.46   0.56  -1.22   0.67  -1.14   1.31  -1.17   0.18  -1.13   4.61
197603  -0.83  -1.98  -0.62   0.02  -1.28  -1.12  -0.46  -1.60  -0.47  -3.25
197604  -0.46  -1.07  -0.59  -0.13  -0.72  -0.14  -0.71  -0.20   0.57  -2.16
197605  -2.34  -3.08  -2.54  -1.50  -2.44  -2.36  -2.13  -2.86  -1.26   0.22
197606   1.71   2.28   0.65   2.63   0.82   2.45   0.31   2.72   0.77   1.04
197607  -1.46  -1.13  -1.06  -1.22  -1.97  -0.94  -1.55  -0.89  -0.97   1.14
197608  -0.18  -0.40  -0.32  -0.23  -0.05  -0.42  -0.28   0.00  -1.00   1.00
197609  -1.46  -2.04  -2.17  -1.62  -1.52  -2.05  -1.40  -1.63  -1.69   1.97
197610  -6.50  -8.30  -5.86  -6.43  -6.22  -7.42  -5.96  -7.78  -4.50  -7.17
197611   1.01   1.09   0.49   1.62  -0.39   0.80   0.86   1.57   0.49  -1.87
197612  12.19  11.73  11.21  13.64  11.46  12.15  10.83   9.41  12.76   7.56
197701  -0.86   0.51  -1.39  -0.80  -0.50  -0.02  -1.56   1.68  -2.41   4.64
197702   2.38   4.08   1.62   3.24   1.08   3.84   1.30   4.54   1.86   2.61
197703   0.58   2.20  -0.41   0.27   0.89   1.52   0.76   1.41  -1.16   0.64
197704   2.98   4.26   1.55   2.77   3.30   4.18   2.09   4.46   2.16   1.29
197705  -0.28  -0.24  -0.06   0.85  -1.08   0.25  -0.72  -0.30  -0.15   0.33
197706   2.50   2.48   2.19   2.73   1.62   2.80   2.06   2.67   2.48   3.67
197707  -1.45   0.33  -3.07  -1.00  -1.55   0.79  -2.42   0.64  -3.71   4.56
197708   3.75   3.48   3.48   4.09   3.73   4.44   3.95   4.10   3.75   1.45
197709   2.63   1.86   3.44   3.49   0.51   0.45   3.75   1.50   3.24   4.60
197710   1.36   2.68   0.56   2.08   0.95   1.80   1.35   2.75   0.50   9.21
197711  -0.44  -0.54  -0.93  -0.37  -0.55  -0.23  -0.41  -0.33  -0.74  -5.24
197712   3.63   6.14   1.74   4.76   2.59   5.52   3.14   6.22   1.01   2.56
197801   0.62   3.37  -0.49   2.20  -1.09   1.75  -1.14   1.92   1.08   4.34
197802   0.99   2.05   0.52   2.29   0.05   1.77   0.65   0.90   0.53   2.94
197803   7.49   7.39   6.93   7.41   6.75   7.84   6.53   8.05   6.51   9.93
197804  -0.29   0.14   0.15   1.19  -1.20   0.06  -0.98  -0.72  -0.31   0.22
197805   1.99   3.09   1.11   1.65   2.59   3.85   0.91   2.14   1.31   2.32
197806   4.78   3.09   5.79   4.14   5.16   3.07   5.81   3.90   5.77   3.79
197807   7.77   7.96   8.30   7.77   8.32   8.51   8.33   8.26   7.62   9.87
197808   2.41   1.87   3.41   2.07   3.28   1.84   3.06   1.65   3.64   5.53
197809   3.27   2.38   4.53   3.33   2.19   1.88   3.68   2.19   4.66   5.84
197810   4.47   5.95   3.87   3.99   5.08   4.81   4.86   6.51   2.67   5.82
197811  -7.93  -7.15  -8.74  -8.13  -7.74  -6.84  -8.66  -7.85  -7.90 -11.23
197812   4.55   5.63   3.20   4.69   4.12   5.87   2.94   5.61   3.97   1.42
197901   0.23   0.28   0.76  -0.70   0.59   0.14   0.66   0.24   0.98  -2.33
197902  -0.27  -0.77  -0.13  -1.11  -0.13  -1.28  -0.34  -1.26   0.29  -0.64
197903   3.21   1.98   4.29   2.08   3.54   1.06   3.91   1.28   4.92  -0.86
197904   0.25   1.32   0.79   1.64  -0.72   0.34  -0.87  -1.27   1.09  -8.10
197905  -2.31  -2.99  -1.91  -2.50  -1.18  -1.87  -3.07  -0.45  -4.28  -2.41
197906   2.20   2.30   1.07   2.68   2.15   1.79   0.74   1.66   2.07   5.62
197907   0.46   0.65   1.61   0.50   0.57   0.14   1.11   0.86  -0.11   0.21
197908   3.56   3.80   2.70   3.70   3.32   4.12   3.13   3.60   3.51   0.71
197909   4.22   4.01   3.89   3.21   4.20   2.57   3.79   2.61   4.62   1.66
197910  -8.55  -8.98  -8.86  -8.75  -8.43  -9.91 -10.36  -8.76  -7.94 -12.35
197911   2.21   1.02   2.13   1.76   2.08   0.85   2.18   1.40   1.49   2.19
197912   3.27   3.42   2.75   3.66   2.70   4.35   3.31   3.92   2.41   8.49
198001   5.47   4.61   5.74   5.75   5.47   5.29   5.54   4.79   4.19  21.24
198002   1.05  -1.52   2.35   0.41   1.59   0.06   1.08  -0.66   1.15  -2.42
198003 -12.52 -11.20 -12.74 -11.50 -13.12 -11.78 -12.03 -10.99 -12.23 -14.59
198004   8.64   7.73   8.55   7.70   8.73   7.16   8.78   8.96   9.61   8.20
198005   4.96   4.75   4.42   5.42   4.60   5.48   4.68   4.18   4.74   0.55
198006   7.13   6.45   8.35   4.55   8.38   4.85   9.61   5.29   8.75   0.72
198007   0.04   0.51   0.20   0.39   0.39   0.11   0.34   0.02   0.02   0.36
198008   3.10   3.31   3.54   4.27   2.75   2.88   3.31   2.52   3.51   0.43
198009   3.03   1.43   3.19   4.10   2.13   3.48   2.74   1.89   4.45   1.44
198010   4.40   2.60   5.03   5.58   4.41   4.66   3.22   2.14   6.01  -5.38
198011  -1.58  -2.03  -1.77  -0.94  -1.87  -1.03  -1.81  -1.69  -2.08  -4.96
198012  -0.49   1.15  -1.18  -0.76  -0.05  -0.45  -0.41   1.07  -1.64   2.89
198101  -1.72  -0.77  -2.48  -2.39  -1.41  -1.61  -1.46  -1.41  -1.64  -3.23
198102  -1.07   0.93  -0.83  -0.98  -1.09  -1.27  -0.05  -1.05   0.68   3.61
198103   5.39   7.42   2.93   7.71   3.30   6.73   2.37   4.50   5.37   9.45
198104   4.38   9.68   2.14   6.40   1.75   6.43   1.41   4.45   4.28   1.29
198105  -2.56  -2.52  -1.39  -1.90  -3.28  -2.87  -3.23  -6.03  -0.29   1.96
198106   0.24   2.09  -1.51  -0.37   0.63   1.34  -0.35   0.56  -1.61   8.60
198107  -4.06  -2.59  -4.88  -1.91  -5.96  -2.37  -5.92  -5.05  -3.92  -6.19
198108   2.28   0.69   2.19   0.17   2.84   2.99   2.78   5.59   1.06   4.42
198109 -12.71 -11.68 -12.83 -12.82  -9.97 -12.30 -11.23  -7.74 -14.87 -18.52
198110   1.18   0.72   1.74   1.90   0.65   0.70   0.66   0.25   1.66  -4.16
198111  10.51  10.05  11.04   8.34  12.73   9.11  12.43  12.22  10.22   6.55
198112  -1.55  -0.66  -1.79  -0.35  -2.36   0.03  -2.07  -1.31  -0.90   4.62
198201  -2.13  -1.48  -1.58  -2.52  -2.15  -2.73  -2.21  -3.07  -0.31  -6.62
198202  -7.27  -3.26  -8.88  -5.99  -7.82  -5.62  -7.54  -5.57  -8.28 -11.99
198203  -4.67  -3.42  -5.58  -4.80  -4.65  -3.23  -4.95  -2.99  -7.30  -0.56
198204   5.33   3.26   5.81   5.50   5.06   4.37   4.84   4.01   6.69   5.63
198205  -0.78  -1.93  -0.38  -2.31  -0.07  -2.68   0.00  -3.27   1.08  -0.41
198206  -8.17  -8.28  -7.40  -9.02  -7.65  -9.31  -6.89  -9.27  -7.33 -16.15
198207  -0.98  -0.97  -1.15  -1.98  -0.78  -1.61  -0.80  -2.48  -0.91  -1.21
198208   1.71  -0.01   1.44   2.77   1.09   1.76   0.76   1.80   2.29  10.22
198209  -0.35  -2.20   1.36  -1.80   0.50  -3.01   1.56  -2.93   1.71  -3.81
198210   1.09   1.42   0.22   3.86  -0.13   3.31  -0.18   2.99   1.71  -0.85
198211   7.86   7.43   8.65   6.36   7.89   7.29   8.27   6.16   8.95  -5.55
198212   8.70  10.01   7.69   9.49   8.07   9.89   6.91   9.55   8.32   1.95
198301  -1.54   1.45  -2.12  -1.94   0.02   0.96  -2.28   1.34  -2.54   2.23
198302   2.75   6.35   1.41   2.28   2.19   5.05   2.22   5.30   1.29   3.47
198303   3.25   2.37   2.18   5.32   2.06   2.23   3.02   1.85   3.29   5.63
198304   6.52   4.88   6.69   7.10   6.14   5.59   6.66   6.47   6.80   3.54
198305   0.35  -0.19   2.58  -0.73   1.67  -1.29   1.78  -1.05   1.88   0.25
198306   2.13   1.07   1.78   3.66   1.10   2.77   0.69   1.93   2.54   5.27
198307   0.68   0.61   1.22  -0.13   1.88  -0.35   0.41  -1.11   2.38  -0.07
198308  -1.39   0.45  -1.59  -0.72  -0.89  -0.31  -0.19   0.77  -2.35  -2.08
198309   3.70   2.88   2.14   4.98   1.87   5.29   1.10   4.01   3.34   6.02
198310  -0.15   0.70  -1.32   0.67  -1.70   0.75  -1.04   0.14  -0.66   1.00
198311   2.18   2.11   2.52   2.58   1.90   1.65   1.86   1.41   2.53   3.64
198312   4.39   5.94   3.12   4.91   2.95   5.82   2.29   5.61   2.81   0.34
198401   2.48   4.88   1.90   5.15   1.41   5.05   1.17   4.37   1.17   5.71
198402  -0.46   0.11  -0.15   0.15  -0.42  -0.26  -0.04   0.42  -0.64  -3.83
198403   6.00   5.19   5.81   5.02   7.31   5.50   7.08   4.84   5.67   3.44
198404  -1.92  -2.33  -3.61  -1.32  -2.26  -1.85  -2.64  -0.82  -3.95  -0.64
198405 -10.20  -8.44 -11.24  -8.46 -10.30  -9.05  -9.91  -8.47 -11.89 -10.39
198406  -0.62  -1.55   0.41  -0.65  -0.10  -1.62  -0.45  -1.57   0.17   1.53
198407  -5.85  -5.56  -6.12  -5.56  -6.26  -5.53  -5.94  -5.15  -6.22  -8.59
198408  10.49   8.93  11.84   9.41  10.59   9.64  11.59   8.64  11.88  11.13
198409  -0.26  -3.20   0.89  -1.67  -0.32  -1.64   0.02  -2.39   0.88   2.49
198410   0.35   1.07   0.96   0.39   1.47   0.12   1.61   0.92   0.30   1.11
198411  -1.45   0.89  -2.93  -0.20  -1.65  -0.14  -1.57   1.04  -3.16  -1.01
198412   1.95   6.01  -0.55   5.50   0.32   4.67   0.20   5.74   0.21  -0.73
198501   2.45   2.98   2.87   3.73   2.89   1.44   2.77  -0.04   3.96   0.71
198502  -2.58  -1.94  -3.77  -1.48  -3.48  -1.79  -3.75  -2.52  -3.47  -5.78
198503   5.81   6.03   5.97   3.87   7.16   6.45   6.29   8.65   4.49  11.99
198504   0.24   0.54   0.14   0.35  -0.43  -0.40  -0.01  -0.28   0.51   3.35
198505   3.47   3.75   3.03   2.02   4.18   4.90   2.21   7.91  -0.14   7.81
198506   0.40   2.75  -2.01   2.49  -1.47   2.51  -1.07   2.09  -0.98   4.95
198507   4.53   6.05   4.81   3.11   5.39   5.36   5.08   6.84   3.16   3.01
198508   3.85   4.83   2.98   3.27   3.04   4.57   3.94   6.04   2.00   7.97
198509   5.91   7.98   2.95   4.88   3.93   9.02   4.00  12.47   2.69   1.45
198510   6.63   3.25  10.87   6.80   7.94   2.95   8.06   0.45  12.51  10.60
198511   4.94   4.27   6.38   4.03   6.24   3.97   4.75   2.76   6.27   1.54
198512   4.36   4.06   2.92   4.20   2.76   6.56   3.75   5.56   3.60   8.10
198601   3.09   3.45   3.65   3.48   4.13   2.88   4.35   2.16   4.26   5.48
198602   8.72   7.64   8.83   5.11   9.65   8.41   9.09  12.72   7.24  10.53
198603  11.76  11.68  12.46   9.94  12.99  11.85  12.27  12.72  12.02  14.66
198604   7.48   8.94   6.97  13.08   4.43   8.41   6.55   4.66   8.14   7.76
198605  -3.49  -4.23  -2.38  -5.03  -2.01  -5.44  -1.01  -3.17  -2.45   1.72
198606   4.67   3.83   4.91   2.33   4.54   4.67   4.57   6.52   3.44   7.11
198607   5.18   0.31   6.61  -3.13   8.50   7.97   4.51  15.47   2.96  11.90
198608   9.09  12.11   8.19  13.29   7.63  10.87   5.95   8.47   5.91  -1.26
198609   2.28   1.59   3.19   2.30   3.02   6.03  -1.02   5.66   1.58 -10.61
198610  -5.32  -3.55  -6.47  -2.25  -6.54  -5.87  -5.84  -7.95  -4.01  -4.77
198611   3.91   2.71   4.81   1.64   5.35   2.07   5.98   3.80   3.86   8.93
198612   5.32   6.13   4.89   5.90   5.36   6.10   6.29   5.91   6.83   1.22
198701   4.34   2.43   5.43   1.88   5.77   4.89   5.06   6.89   3.60   7.15
198702   3.08   2.11   4.76   1.72   6.32   2.32   4.99   3.11   4.52   6.28
198703   4.33   3.31   4.30   2.52   5.77   3.86   6.89   5.73   2.33   8.14
198704   6.78   7.82   5.26   7.56   5.55   8.98   5.79   8.62   5.44  23.98
198705   1.87   5.97   0.09   2.69   3.20  -0.07   2.66  -1.98   4.04   3.99
198706   0.08   8.43  -4.16   4.58  -0.86   2.78  -2.82   0.44   1.13  -8.03
198707   1.76   4.81   0.48   3.50   1.48   1.17   1.72  -1.06   2.00   1.37
198708   4.62   1.90   6.83   2.65   5.62   4.64   5.27   6.73   4.33   9.41
198709   1.80   7.85  -1.37   4.49  -0.62   4.49  -1.74   1.55   0.74  10.82
198710 -15.95 -20.10 -14.00 -16.96 -16.45 -15.60 -16.63 -11.68 -19.25 -16.67
198711   1.05   2.58  -0.02   1.87   1.53   0.95   1.79   0.03   1.65   0.13
198712   5.48   7.72   3.73   6.99   5.08   4.58   4.80   3.89   7.20   0.52
198801  -0.85  -1.81  -1.38  -1.78  -1.28  -0.72  -1.10  -1.49  -1.30   2.53
198802   5.89   7.52   5.03   7.68   4.12   8.66   4.38   8.82   4.62   8.65
198803   5.62   8.95   4.54   7.58   5.26   6.37   5.17   5.72   4.78   4.04
198804   2.79   3.16   2.60   2.60   2.76   3.06   2.10   3.40   2.14   0.28
198805  -3.48  -3.73  -3.47  -4.23  -3.34  -3.00  -3.29  -2.73  -3.60   2.47
198806  -2.68  -0.04  -4.13   0.02  -3.93   1.20  -4.67   0.34  -3.93  -1.21
198807   3.88  11.92   0.99   9.70   1.79   8.40   1.31   5.91   0.98  -2.78
198808  -7.01  -9.21  -5.96  -9.40  -5.96  -8.96  -5.40  -8.24  -5.77  -7.55
198809   1.89   2.30   0.53   2.43  -0.05   4.41   0.28   4.42  -0.67   4.14
198810   3.23   3.66   2.19   4.89   0.68   6.15   1.44   7.64   0.13   6.90
198811   5.65   6.15   4.47   6.47   4.58   6.02   4.13   6.26   3.94   3.75
198812   0.52   3.41  -1.18   5.03  -1.61   3.04  -1.82   3.46  -1.83  -0.18
198901   1.32   1.88   0.49   1.56   0.58   2.48   1.43   3.70  -0.98   0.60
198902  -0.77  -0.43  -1.63  -0.16  -1.35  -1.04   1.36  -0.29  -1.94   0.51
198903  -2.74  -1.15  -3.65  -2.26  -3.22  -4.80  -0.12  -2.72  -2.68   2.08
198904   1.88   2.01   1.24   1.70   2.05   2.32   1.43   3.02   1.32   7.71
198905  -4.18  -0.21  -6.22   0.02  -6.60  -1.22  -5.76  -2.13  -5.97  -4.08
198906  -1.47  -1.54  -0.75  -1.50  -0.80  -1.69  -2.12  -1.94  -0.33   5.08
198907  12.06   9.01  13.53   9.95  12.99  10.70  12.48  12.05  12.92   6.81
198908  -5.44  -3.43  -6.15  -3.13  -6.84  -5.39  -5.01  -6.36  -5.50   1.02
198909   4.43   4.57   4.11   3.72   4.60   4.12   5.85   5.29   4.05   6.48
198910  -4.47  -3.76  -5.05  -4.43  -4.78  -3.69  -2.36  -3.53  -4.96  -7.96
198911   4.25   1.86   4.92   2.34   5.26   4.28   4.09   4.90   3.95   5.78
198912   3.72   3.90   3.15   3.05   2.96   3.32   2.69   3.82   3.27   8.10
199001  -3.12  -0.70  -4.74  -1.49  -4.46  -2.54  -4.32  -2.70  -3.65  -5.27
199002  -5.84  -5.27  -6.01  -5.58  -6.18  -5.44  -6.21  -5.59  -6.08  -7.16
199003  -8.15  -4.24 -10.22  -3.94 -10.19  -6.91 -11.48  -7.59  -8.90 -12.56
199004  -0.91  -1.34  -1.46  -0.23  -1.77  -1.43  -0.41  -0.33  -2.00   0.66
199005  10.49   8.46  12.16   8.06  12.96   9.01  13.34  10.27  10.76  13.01
199006   0.12   2.12  -0.75   1.61  -0.99   0.00  -0.40  -0.17   0.81  -8.55
199007   2.21   1.25   2.48   0.92   2.33   0.71   2.69   1.49   3.32   1.72
199008 -10.27  -9.89 -10.83 -10.32 -11.13  -9.68 -10.65  -8.57 -11.17 -16.93
199009 -12.83 -12.43 -13.10 -13.50 -13.28 -12.78 -13.23 -12.73 -13.48 -19.52
199010  16.04  10.57  20.97  10.69  21.85  14.09  18.05  11.81  21.35  25.92
199011  -7.04  -6.21  -8.66  -6.02  -8.98  -6.20  -7.94  -6.04  -8.65 -10.94
199012   1.03  -0.10   2.16   0.29   2.28   1.53   0.43   1.51   0.87  -0.65
199101   2.50   3.35   1.59   3.54   1.04   3.23   2.00   3.35   1.54   5.68
199102  10.77  13.28   9.34  14.07   9.55  11.45  10.92  11.35   8.68  17.34
199103  -5.50  -5.66  -4.94  -5.31  -5.23  -5.44  -5.73  -5.73  -4.31  -8.42
199104   0.96   1.12   0.03   0.69   0.02   0.45   1.06   0.97   0.62  -3.00
199105  -0.97  -1.70  -1.41  -2.00  -1.09  -0.93  -1.23  -0.31  -2.13   0.98
199106  -5.55  -4.97  -6.04  -4.23  -6.11  -5.34  -6.68  -5.29  -5.42  -7.18
199107   4.93   5.10   4.46   4.61   4.27   4.63   4.63   4.85   4.29   6.24
199108  -2.48  -2.61  -1.99  -2.49  -2.17  -1.88  -3.57  -1.81  -2.34   0.35
199109   5.51   5.19   5.24   4.77   5.43   3.95   8.52   5.89   4.74   9.09
199110   1.06   0.58   2.45  -0.55   2.38   0.43   2.05  -0.07   2.61  -3.76
199111  -4.65  -6.29  -4.00  -6.38  -3.61  -4.17  -5.49  -4.23  -3.91  -8.48
199112   5.38   5.15   5.53   4.89   5.56   4.36   6.25   5.31   5.18   3.27
199201  -1.60   0.61  -2.75   0.44  -2.52  -0.86  -2.00  -1.31  -2.08   3.93
199202  -2.23  -2.75  -1.85  -2.20  -1.67  -2.01  -1.85  -2.60  -1.10   1.21
199203  -5.53  -4.51  -6.28  -4.78  -6.60  -5.42  -6.07  -4.93  -6.31  -5.72
199204   2.62   6.18   0.50   5.42   0.85   4.35  -0.45   3.63   0.54  -1.09
199205   5.74   5.16   5.78   5.93   5.92   5.73   6.11   5.81   6.68   1.26
199206  -3.37  -3.33  -3.19  -2.82  -3.81  -3.60  -3.96  -4.47  -3.08  -1.26
199207  -3.16  -5.16  -2.34  -4.42  -2.00  -3.09  -3.20  -3.51  -2.82  -9.84
199208   4.20   2.32   4.71   3.20   4.64   2.92   6.31   4.14   4.57   5.69
199209  -3.24  -4.07  -2.47  -4.60  -2.54  -4.51  -2.76  -3.99  -3.57  -2.91
199210  -5.53  -4.72  -5.63  -4.96  -6.19  -5.79  -5.43  -5.68  -5.20 -17.03
199211   0.76   0.66   0.36   0.80  -0.48   0.20   1.04   0.25   0.92  -1.17
199212   0.77   1.69   0.38   1.16   0.69   1.67  -0.73   1.32  -0.56  -2.90
199301  -0.31   1.07  -0.70   0.99  -0.87   1.34  -1.29   1.46  -1.12   4.92
199302   2.72   2.57   2.22   3.09   3.38   4.16   1.46   3.46   1.98  -2.76
199303  10.87  12.17   8.44  10.26  13.10  14.01   7.61  11.87   6.18  11.38
199304   8.51   9.44   7.47   8.82   8.97   8.89   7.44   9.73   7.70  12.00
199305   0.96   0.07   1.23   0.38   1.78   0.91   1.49   0.96   1.87   3.16
199306  -3.94  -3.62  -3.52  -4.17  -4.58  -4.01  -4.13  -3.24  -3.55  -4.80
199307   4.19   5.93   3.12   5.24   3.94   5.76   3.29   5.14   2.97   7.44
199308   5.34   5.25   5.09   5.80   5.40   4.85   5.48   4.06   5.96   7.12
199309  -2.33  -1.67  -1.27  -1.05  -3.59  -2.98  -0.71  -3.11   0.00  -5.13
199310   2.31   2.74   1.66   3.04   2.06   3.44   0.93   2.35   1.16  -4.88
199311  -6.88  -6.55  -6.23  -6.42  -7.99  -6.66  -7.19  -6.23  -6.24  -9.32
199312   6.66   9.07   4.29   7.45   6.57   8.17   5.36   6.28   5.76   3.93
199401  10.04  11.35  10.26   9.50  13.02  11.59   9.42   9.75  11.72  12.46
199402  -0.45   1.08  -1.19  -0.84  -0.04   0.12  -1.12  -0.60  -0.32  -5.03
199403  -2.69  -2.04  -3.19  -2.65  -2.54  -2.37  -2.41  -2.34  -2.75  -3.42
199404   3.46   4.51   2.48   2.21   4.05   3.25   3.24   4.08   2.32   4.33
199405  -1.14   0.43  -2.32  -0.87  -1.77  -1.22  -1.49  -0.70  -2.41   0.07
199406   2.17   2.25   2.15   2.51   1.77   2.07   1.99   2.19   2.08  -0.28
199407   0.77  -0.22   0.71   1.95   0.51   0.75   1.31   0.54   0.95   2.58
199408   3.18   3.08   3.76   2.76   3.86   3.60   2.61   2.35   3.93   5.20
199409  -2.94  -2.95  -2.23  -3.20  -3.02  -2.95  -1.94  -2.44  -2.26  -5.76
199410   3.66   4.37   3.16   2.66   4.35   3.93   2.51   3.11   3.81   0.85
199411  -5.29  -5.45  -5.11  -5.27  -6.06  -5.99  -4.20  -5.26  -5.47  -4.24
199412   0.95   0.77   1.06   1.25   1.07   1.43   0.36   0.67   1.23  -8.79
199501  -4.35  -3.03  -4.98  -2.63  -5.57  -4.58  -3.67  -3.01  -5.88  -6.16
199502   0.16   0.16   0.00   0.53  -0.83   1.10  -0.48   0.64  -0.08  -1.02
199503   6.78   5.51   8.41   5.81   7.29   6.92   5.98   6.54   8.25  -6.41
199504   3.45   2.87   3.96   3.72   4.08   3.41   4.07   3.22   3.74   5.69
199505  -1.13  -0.67  -1.23  -0.22  -1.64  -1.04  -1.12  -0.66  -0.99  -6.18
199506   0.17  -0.43   0.86   0.10   0.07   0.22   0.33  -0.53   0.66  -4.83
199507   4.85   5.98   4.15   4.89   5.85   4.69   5.21   3.41   5.54   8.11
199508  -2.16  -3.71  -1.29  -2.50  -0.83  -2.06  -1.87  -2.86  -1.11   5.17
199509   0.83  -0.21   0.95   1.35   0.13   0.77   0.64   0.92   0.67  -2.40
199510  -1.24  -1.94  -1.10  -1.32  -1.88  -2.51  -1.41  -1.00  -2.26  -7.37
199511   0.91   1.59   0.75   0.11   1.48   0.20   1.41   0.44   0.53   2.83
199512   3.36   4.22   2.84   3.47   2.78   3.12   2.73   3.61   2.73   5.58
199601   0.97   2.47   0.40   2.32   0.61   1.52   0.69   1.88   0.42   1.10
199602   1.32   2.13   1.41   1.70   1.20   1.93   1.45   1.26   1.65   2.96
199603   1.80   1.37   1.15   0.67   2.09  -0.36   2.88   0.95   2.01   0.52
199604   3.27   3.31   3.14   3.23   2.84   4.01   3.02   3.68   2.90   4.67
199605  -0.77  -1.22  -0.51  -1.40  -0.55  -2.14  -0.65  -1.71  -0.72  -0.75
199606   0.91   0.57   1.17   0.05   0.23   0.06   0.52  -0.10   1.17  -0.40
199607  -3.21  -3.70  -3.17  -2.73  -3.56  -3.31  -3.00  -3.12  -3.45  -3.97
199608   0.07   1.12   0.20  -0.22   0.58   0.65  -0.30  -0.39   0.85  -1.37
199609   3.38   2.81   3.55   2.91   2.82   2.83   3.62   2.69   2.91  -0.10
199610  -1.14  -1.68  -1.30  -1.65  -0.76  -1.59  -1.56  -1.04  -0.90  -2.50
199611   4.80   6.26   4.45   5.45   3.68   5.68   2.95   4.06   4.43   2.36
199612   0.51   1.24   0.36   1.13  -0.43   1.79  -1.75   0.57   0.44  -5.21
199701  -2.54  -1.84  -2.80  -1.76  -2.96  -1.18  -3.09  -3.01  -2.49  -2.40
199702   0.76   1.35   0.80   2.60   0.43   1.36   0.79   1.36   1.44   0.87
199703   0.84   0.43   0.66   0.82  -0.51   1.37   0.42   0.56   0.69   0.27
199704   1.13  -0.17   1.79   1.34   0.45   1.32   1.61  -0.49   2.11   0.37
199705   6.66   6.65   6.86   4.86   8.57   6.32   7.10   5.66   6.90   7.96
199706   4.89   4.37   4.95   3.81   5.21   6.61   4.88   3.82   5.13   4.74
199707   2.17   0.38   3.18   2.17   1.81   1.25   2.07   0.13   3.57  -3.32
199708  -7.30  -4.74  -7.55  -4.89  -7.75  -5.87  -7.69  -5.25  -7.93  -6.98
199709   5.77   3.31   7.04   4.63   4.25   3.26   6.89   2.43   7.36  -1.79
199710  -6.33  -6.14  -6.82  -6.47  -6.05  -6.08  -6.02  -4.70  -7.38  -5.60
199711  -1.10  -1.73  -0.06  -0.98  -0.67  -1.52   0.18  -1.73   0.19  -8.48
199712  -0.04  -1.65   0.87  -1.53   0.76  -1.64   1.08  -2.10   1.01  -7.37
199801   3.87   6.36   3.74   4.45   3.27   6.36   3.51   6.59   3.84  11.06
199802   5.31   7.29   5.28   5.98   5.93   6.73   5.24   6.91   5.97   7.33
199803   3.83   5.92   2.65   5.87   2.32   5.69   3.50   4.58   3.39   2.67
199804   0.65   0.88   1.33  -0.27   1.61   0.52   1.28  -0.33   1.10  -0.88
199805   0.68   1.01   1.26   0.34   0.39   1.32   0.75   0.63   0.57   1.59
199806   0.12  -1.79   0.87  -0.96   1.05  -0.58   1.02  -1.24   1.29  -6.00
199807  -0.19  -1.72   0.72  -1.68   0.48   1.27   0.05  -1.25   1.18  -2.89
199808 -10.97 -13.36  -9.40 -13.33  -9.76 -13.40  -9.87 -12.48 -10.02 -17.72
199809   0.17   0.47  -1.04  -0.64  -0.55  -1.33  -0.48  -2.44  -1.53  -7.44
199810   7.75   8.14   8.84   7.25   7.94   7.56   9.13  10.54   8.42  15.04
199811   3.94   3.06   3.83   3.36   4.01   3.57   4.01   3.05   4.97   5.75
199812   4.07   2.18   6.07   0.67   6.22   3.77   6.02   2.34   5.82   0.75
199901   0.09  -1.91   0.75  -1.95   1.57  -1.68  -0.05  -3.07   0.22   9.11
199902  -2.17  -0.20  -2.66   0.94  -2.61   0.95  -3.36   0.08  -3.14  -8.44
199903   3.70   6.36   1.91   5.33   3.12   6.49   1.61   6.61   2.12   2.70
199904   3.97  10.83   1.69   9.84   2.99  11.48   1.94  10.35   1.44   8.28
199905  -3.13  -4.38  -2.76  -3.08  -2.71  -4.52  -1.81  -4.27  -2.55  -3.28
199906   4.42   7.01   4.22   5.64   4.45   6.55   3.60   4.22   4.58   7.61
199907   3.71   4.97   2.78   6.19   3.09   6.95   3.03   5.13   2.51   4.61
199908   0.19   0.39   0.13   1.05   0.19  -0.91   1.75   0.73  -0.07   1.10
199909   0.82  -0.23   2.24  -1.30   1.89   0.73   2.13  -1.38   2.28   3.31
199910   3.53  -1.69   5.22  -1.60   5.68   1.19   3.71  -1.64   5.10  -0.31
199911   6.33  -1.19   7.91   1.20  10.55   2.69   8.32  -2.03   8.25   8.32
199912  10.86   6.04  10.70  12.27   9.14   8.54  10.06   4.96  12.69   2.64
200001  -6.41  -4.10  -6.39  -3.94  -6.43  -5.36  -6.24  -4.49  -5.88   3.19
200002   4.23  -6.68   7.50  -1.19   7.90  -4.58   7.78  -4.18   7.08   4.88
200003   3.30   7.47   1.29   4.58   0.42   6.67   1.27   5.31   1.87  -1.36
200004  -5.43  -1.80  -6.87  -2.73  -6.63  -2.05  -6.43  -3.09  -6.93  -6.27
200005  -4.61   3.10  -7.16  -0.10  -7.35  -0.40  -6.67   2.59  -7.09  -4.85
200006   3.78   5.16   3.26   4.74   3.36   5.05   3.45   6.49   3.28  15.52
200007  -3.96  -2.76  -4.45  -1.58  -4.57  -1.41  -4.45  -2.86  -4.54  -4.21
200008   0.94   0.33   1.08  -1.60   2.26  -1.31   2.42   0.26   1.08   2.15
200009  -5.44  -2.60  -6.83  -1.97  -6.08  -1.14  -6.43  -1.84  -6.73  -8.46
200010  -3.30   0.06  -4.37  -0.47  -5.35  -0.32  -5.56   0.45  -5.04  -5.09
200011  -3.10   2.03  -5.10   1.18  -5.52   2.96  -5.38   2.67  -6.00 -12.53
200012   1.54   5.41   0.03   5.16  -0.58   5.76  -0.10   5.45   0.00   7.49
200101   0.71   2.46   0.46   2.84   1.40   3.02   1.07   4.13   0.80   9.14
200102  -8.41  -2.89 -10.00  -2.69 -11.86  -2.03 -10.75  -2.87 -12.88 -12.67
200103  -6.72  -6.54  -7.75  -6.35  -7.85  -7.40  -7.75  -6.45  -9.16 -12.52
200104   7.54   8.72   8.20   6.73   8.94   7.64   8.55   8.27   8.65  10.55
200105  -2.94  -2.53  -3.62  -0.67  -5.01  -0.85  -3.83  -2.16  -4.27  -4.43
200106  -4.61  -5.00  -5.01  -3.28  -5.71  -3.92  -5.35  -2.80  -6.15  -5.71
200107  -1.72  -0.68  -2.47  -0.05  -2.49  -0.91  -2.15   0.76  -2.43  -6.66
200108  -4.12  -1.45  -5.38  -1.36  -6.05  -0.04  -5.50   0.00  -5.91  -7.07
200109  -8.43 -11.08  -6.84 -13.94  -6.80 -14.91  -6.33 -10.96  -8.58 -15.92
200110   3.18   4.27   3.67   5.24   3.28   5.08   3.35   3.67   4.34  16.41
200111   4.05   6.47   4.55   6.55   4.55   5.98   4.73   3.76   6.83   6.75
200112   0.83   0.63  -0.20   2.27  -0.38   1.63  -0.17  -0.11   0.19  -4.16
200201  -4.52  -5.32  -4.23  -2.27  -6.39  -3.77  -6.02  -2.29  -5.81  -4.87
200202   1.64   0.40   1.95   2.58   0.31   2.27   0.71   2.19  -0.05   1.81
200203   5.19   6.30   4.78   7.50   5.11   7.38   4.37   5.37   5.48   6.78
200204  -0.08  -0.66  -0.70   2.09  -1.22   0.47  -0.96   1.98  -1.55  -3.66
200205   1.35   3.45  -0.46   2.15  -0.33   3.58  -0.84   4.01  -0.34   1.92
200206  -3.24  -5.25  -2.30  -3.61  -4.05  -4.75  -3.70  -1.99  -4.11  -8.71
200207  -8.60  -6.53  -9.43  -8.25  -8.65  -7.57  -8.83  -8.13  -9.30 -13.20
200208  -0.27   0.13  -0.87   0.15  -1.18  -0.70  -1.12   1.37  -0.77  -3.22
200209  -8.74 -11.95  -6.98  -8.44  -9.13 -11.50  -8.38  -9.10  -9.92 -15.30
200210   4.26   5.75   4.64   0.75   7.43   3.95   6.82  -0.18   8.82   8.48
200211   4.11   7.91   2.71   6.62   4.88   7.06   4.18   5.22   6.59   9.38
200212  -1.85  -2.20  -2.35  -0.42  -4.03  -2.27  -3.21   0.70  -3.63  -8.34
200301  -3.53  -1.78  -4.27  -0.67  -3.82   0.99  -4.01  -0.78  -5.22  -0.17
200302  -2.22  -1.34  -2.21  -3.12  -1.96  -5.41  -2.32  -3.21  -2.76   1.41
200303  -1.02  -1.88  -0.53  -2.59  -0.73  -2.26  -0.63  -0.95  -0.65  -4.27
200304   7.88  10.60   7.24  10.66   8.38  12.11   8.44   9.92   8.17  12.02
200305   6.35   8.03   6.41   8.17   5.90   8.68   6.29   7.90   6.64  10.10
200306   1.74   2.04   1.64   2.80   1.64   3.27   0.53   1.59   1.08   6.12
200307   1.01   2.71   0.02   3.44   0.69   3.19   0.44   1.34   1.24   3.64
200308   3.11   4.58   2.82   4.86   3.33   5.49   3.03   3.45   2.83   7.08
200309   3.34   4.61   3.80   3.47   3.78   2.46   4.17   4.15   3.39   7.26
200310   5.21   7.52   4.81   6.35   6.13   6.47   5.06   7.41   5.19   8.58
200311   2.54   2.49   2.87   1.40   2.18   0.70   2.55   2.56   2.46  -0.34
200312   7.85   7.94   7.31   6.94   7.37   7.03   6.30   7.09   6.86   7.76
200401   0.93   2.65   0.79   0.40   1.95   1.90   0.70   2.10   0.92   7.00
200402   2.64   2.93   2.00   3.92   2.12   3.67   2.27   3.73   1.92   4.18
200403   0.61   1.00   0.13   1.77   0.98   1.44   0.79   0.64   0.36   2.83
200404  -2.23  -1.00  -2.57  -2.02  -2.83  -2.42  -2.79  -2.40  -3.36  -5.61
200405   0.69   0.47   0.27   0.89   0.48   0.53   0.92   1.65   0.97  -0.17
200406   2.08   2.53   1.62   4.07   1.31   3.87   1.23   2.99   1.03   2.34
200407  -2.06  -1.05  -3.00  -1.20  -3.17  -1.55  -3.78  -0.71  -3.32  -6.94
200408  -0.10   1.23  -0.05  -0.44  -1.04  -0.06  -0.38   0.13  -0.14   0.33
200409   2.84   3.67   2.21   2.90   3.12   2.26   2.55   2.31   3.21   2.45
200410   3.24   3.44   3.13   3.67   2.61   4.00   2.71   4.12   3.15   4.79
200411   6.49   7.81   6.08   6.97   7.22   6.45   6.53   6.98   6.68   7.49
200412   3.95   4.56   4.15   4.50   3.42   4.59   4.19   3.79   3.53   5.33
200501  -1.37  -0.58  -2.13  -0.26  -1.46  -0.36  -2.13  -0.64  -1.75   1.47
200502   4.48   4.10   4.28   5.35   3.91   4.25   3.55   4.17   5.29   2.10
200503  -2.23  -2.00  -2.20  -1.96  -2.29  -2.10  -2.16  -1.95  -2.33  -2.96
200504  -2.62  -3.79  -1.56  -3.55  -2.36  -3.78  -1.32  -2.14  -3.44  -4.08
200505  -0.03   0.15  -0.41   0.49   0.22   0.14  -0.04  -0.19   0.08   1.20
200506   2.33   1.65   1.69   3.49   2.12   2.43   1.67   2.31   2.44   2.66
200507   3.44   4.22   2.30   3.16   3.78   3.28   2.73   2.93   4.00   3.10
200508   3.41   3.64   3.09   3.58   3.03   3.33   3.23   2.74   3.92   6.02
200509   3.52   2.82   3.21   3.40   2.82   3.33   3.52   3.11   2.85   2.77
200510  -3.42  -2.60  -3.34  -4.23  -2.97  -4.01  -2.81  -3.07  -3.78   0.76
200511   1.55   1.44   1.50   1.53   2.86   1.63   1.97   0.71   1.97   2.49
200512   4.80   4.51   4.97   4.15   5.83   5.10   5.77   4.00   5.71   6.80
200601   6.61   6.63   6.35   6.89   6.37   6.40   5.99   5.34   8.42   4.30
200602  -1.17   0.66  -1.93  -1.03  -1.05  -1.21  -1.39  -1.06  -1.88  -2.06
200603   3.56   4.23   4.20   3.74   3.56   3.44   3.79   2.44   5.13   5.79
200604   5.35   5.28   4.92   6.53   4.58   5.74   4.41   5.45   4.85   2.90
200605  -3.96  -3.27  -3.84  -3.78  -5.17  -4.09  -4.67  -2.25  -5.29  -6.14
200606   0.02  -0.93   0.82  -0.64   0.68  -0.68   0.55  -0.34   0.40  -3.02
200607   1.24   2.21   0.48   2.09   0.30   1.77   0.00   1.92  -0.43  -3.12
200608   2.48   2.35   2.66   1.64   3.57   1.77   3.44   2.74   2.49   6.70
200609  -0.14   1.82  -1.01   0.69  -0.03   0.88  -0.36   1.11  -0.38   0.51
200610   4.41   7.02   3.95   5.50   3.47   5.58   3.10   5.14   4.21   5.48
200611   3.46   3.64   3.44   3.20   3.11   3.57   3.58   3.33   3.05   5.05
200612   2.97   3.94   2.17   3.83   2.61   3.54   2.37   3.02   2.35   1.10
200701   0.66   1.97   0.37   0.59   0.68   1.01   0.33   0.46   0.25   2.14
200702   1.22   1.02   1.36   1.82   1.49   1.96   0.84   1.48   1.37   0.47
200703   3.53   3.31   2.98   3.53   3.98   3.77   3.32   3.34   4.36   1.19
200704   4.07   3.85   4.23   3.89   4.50   4.23   3.87   4.23   4.08   3.88
200705   2.66   3.40   1.51   3.96   1.16   3.41   1.08   2.53   3.33  -0.36
200706   1.23   1.65   1.17   2.10   0.52   2.30  -0.57   1.09   1.80   0.17
200707  -1.29  -1.99  -0.40  -1.26  -0.43  -1.44  -0.46  -2.13  -0.29   0.24
200708  -0.94  -1.37  -0.35  -1.40  -0.61  -1.15  -0.30  -0.74  -2.18  -5.64
200709   6.36   4.82   6.80   6.84   5.44   7.24   6.02   5.41   7.74   6.83
200710   4.60   3.74   4.24   4.49   5.92   4.97   4.85   4.31   5.14   9.83
200711  -3.58  -6.23  -2.87  -4.29  -5.42  -4.79  -4.14  -3.25  -4.31  -8.53
200712  -1.54  -1.09  -2.21  -1.27  -2.40  -1.49  -1.80  -1.13  -2.07  -3.60
200801  -8.68  -8.17  -9.67  -8.58  -8.51  -8.36  -8.89  -7.72  -8.69  -9.03
200802   2.23   0.61   2.94   1.74   3.25   1.87   3.25   1.14   4.92   3.83
200803  -1.19   0.33  -1.99  -1.02  -1.65  -0.95  -1.26  -0.43  -1.60  -1.46
200804   5.36   4.16   5.84   6.53   3.85   5.77   4.19   5.11   5.22   3.83
200805   1.84  -0.58   3.01   1.10   2.30   1.03   2.42   0.47   2.71   3.71
200806  -7.87  -9.62  -6.87  -9.74  -6.48  -8.61  -6.94  -8.80  -6.63  -7.69
200807  -3.60  -1.67  -4.25  -3.91  -3.20  -3.41  -3.43  -1.49  -5.38  -6.52
200808  -4.31  -3.37  -4.52  -4.19  -4.89  -3.71  -5.34  -3.25  -4.84  -5.59
200809 -14.05 -11.77 -16.06 -15.13 -15.24 -12.97 -15.16 -12.41 -16.38 -19.11
200810 -20.75 -22.38 -21.42 -23.59 -21.56 -19.79 -23.30 -20.84 -21.19 -26.96
200811  -5.54  -6.26  -3.40  -6.41  -4.36  -6.44  -4.17  -6.23  -6.00  -4.99
200812   6.71   5.87   7.38   6.38   7.80   5.14   8.45   5.61   6.81  10.55
200901  -9.20 -10.50  -8.37 -10.05  -7.67 -10.49  -8.27 -10.96  -8.00  -5.35
200902  -9.92 -12.00 -10.09 -11.20  -9.54  -9.90  -8.99 -10.68  -9.25  -8.95
200903   6.25   9.76   4.52  10.06   3.08   8.60   3.98   8.71   5.54   6.01
200904  12.32  22.21   6.90  20.68   5.92  19.64   6.23  19.80   8.08  13.30
200905  13.68  15.93  12.08  16.60  11.14  15.59  12.41  15.01  13.49  17.31
200906  -0.66  -0.31   0.13  -1.51   0.05  -1.39  -0.72  -0.46  -0.67  -0.02
200907   9.25  11.71   6.84  11.54   6.76  11.71   6.87  12.03   7.38   4.59
200908   4.11   7.19   1.60   6.39   1.47   6.21   2.93   6.75   1.79   4.37
200909   4.69   5.17   4.64   4.90   4.47   5.06   4.54   4.76   4.98   4.27
200910  -1.70  -3.06  -1.59  -2.34  -1.87  -1.86  -1.31  -2.50  -1.42  -2.34
200911   2.32   1.18   2.57   1.86   2.33   2.00   2.79   1.77   3.62  -0.18
200912   1.32   1.53   1.20   1.79   0.11   1.66   0.55   1.77   0.24   0.53
201001  -4.35  -3.74  -4.35  -4.06  -3.79  -4.10  -3.64  -3.78  -4.70  -2.79
201002  -0.08  -0.31   0.30  -0.49  -0.16  -0.37   0.50   0.23  -0.21  -0.61
201003   6.20   6.37   6.02   6.50   5.93   6.84   6.15   5.26   7.22   9.09
201004  -0.78   0.04  -1.29  -0.18  -0.80  -0.85  -0.74  -0.31  -0.95  -0.31
201005 -10.61 -11.18  -9.92 -11.29 -10.38 -10.74  -9.85 -10.81 -10.16 -12.48
201006  -1.05  -1.68  -0.38  -2.52  -0.62  -1.85   0.15  -1.22  -0.42  -3.02
201007   9.31  10.54   8.23  10.07   8.92  10.49   8.41   9.29   9.58  11.08
201008  -3.08  -4.20  -2.34  -3.18  -2.95  -3.09  -3.32  -2.04  -2.91  -4.96
201009  10.34  10.56  10.60  10.14  10.36  10.47  10.54   9.14  11.21  12.72
201010   4.12   3.95   4.36   4.38   4.21   4.31   3.98   4.61   3.57   5.96
201011  -4.56  -5.01  -3.08  -4.62  -3.80  -4.45  -4.13  -5.17  -3.86  -3.58
201012   8.17   8.97   7.39   9.46   7.18   8.70   8.06   7.68   8.61  10.69
201101   1.92   4.16  -0.22   3.84   0.41   3.57  -0.30   2.77   0.12   1.04
201102   3.38   3.41   3.36   3.38   3.07   2.94   2.93   3.54   3.52   4.02
201103  -1.37  -2.57  -0.04  -1.91  -0.74  -2.12  -0.21  -1.51  -0.60  -0.86
201104   5.69   5.00   6.53   5.34   6.18   5.36   6.37   5.62   5.81   5.18
201105  -2.63  -3.63  -1.75  -2.66  -3.23  -2.66  -2.57  -2.44  -2.75  -4.17
201106  -1.29  -1.55  -1.14  -1.59  -1.18  -1.21  -1.46  -1.00  -0.96  -3.36
201107  -1.00  -2.19   0.49  -1.64  -0.33  -1.15   0.13  -1.14  -0.25  -1.55
201108  -8.01  -9.78  -6.02  -7.90  -9.19  -8.33  -6.87  -6.09  -9.24  -8.69
201109  -9.85  -9.61 -10.48  -8.49 -12.91  -8.27 -12.19  -7.18 -13.13 -12.36
201110   8.52   8.25   8.61   7.35  10.93   7.82  10.03   7.01  10.75   6.48
201111  -4.37  -5.71  -3.46  -4.70  -4.75  -4.45  -4.64  -3.73  -4.24  -5.86
201112  -1.09  -1.09  -1.77  -0.42  -3.27  -0.42  -2.65   0.25  -2.94  -1.79
201201   5.92   8.66   4.50   8.71   5.11   7.81   5.32   5.34   7.37   9.78
201202   5.15   6.17   4.89   5.46   5.10   4.66   5.33   4.93   4.86   4.63
201203  -0.07  -1.28   1.09  -0.90   0.58  -1.46   0.67   0.09  -0.56   0.93
201204  -1.24  -3.45   0.41  -2.49  -0.26  -2.63   0.01  -2.12  -0.22  -1.06
201205 -10.95 -12.61  -9.82 -12.64  -9.90 -12.23  -9.70 -10.42 -11.36 -14.02
201206   5.80   6.97   4.93   6.50   5.00   6.12   4.97   7.19   4.54   4.92
201207   1.11  -0.30   1.67   0.39   1.24   0.10   1.78   0.55   1.30  -0.39
201208   2.84   3.50   2.71   3.13   2.71   2.68   2.71   3.02   3.28   1.51
201209   3.32   4.49   2.62   4.72   3.40   3.86   3.59   3.33   3.33   4.76
201210   0.84   1.53   0.47   1.85   0.11   1.45   0.18   0.58   0.70   1.34
201211   1.87   1.87   2.31   2.33   1.85   1.67   2.01   1.10   2.01   1.36
201212   3.19   4.75   2.09   4.37   2.09   4.28   1.52   2.91   2.68   3.63
201301   5.06   5.92   4.56   5.69   4.43   5.44   4.32   5.31   4.18   7.35
201302  -0.70  -2.51   0.31  -2.26   0.49  -2.56  -0.02  -1.37   0.33  -2.23
201303   1.01  -0.67   2.60  -0.15   2.23  -0.33   2.72   1.23   1.00   2.39
201304   4.33   4.83   4.14   4.99   3.75   4.34   3.61   5.64   3.14   8.53
201305  -1.84  -1.36  -1.84  -1.47  -1.79  -0.97  -2.29  -2.58  -0.77   1.39
201306  -3.67  -4.46  -3.35  -3.94  -3.54  -4.16  -3.38  -3.00  -4.22  -6.66
201307   5.38   6.48   4.52   6.37   4.94   6.46   4.72   5.12   5.68   6.10
201308  -1.21  -0.82  -1.00  -1.12  -0.80  -0.52  -1.14  -0.98  -1.13   0.97
201309   6.94   7.25   6.83   7.16   6.82   7.39   6.50   7.35   6.71  11.11
201310   3.10   3.47   2.34   3.56   2.50   3.32   2.16   3.57   2.41   1.70
201311   0.48   0.33   0.47   0.44   0.55   0.54   0.19   0.48   0.37   1.05
201312   1.74   1.86   2.08   1.72   2.38   2.02   1.94   1.62   2.05   2.40
201401  -3.46  -2.62  -4.08  -3.20  -3.09  -2.99  -3.19  -3.03  -4.52  -0.64
201402   5.18   4.89   5.19   5.15   4.62   5.30   4.64   5.53   4.96   4.94
201403   0.09   0.23  -0.63   0.56  -1.12   0.73  -1.23   0.52  -0.40  -2.24
201404   1.35   1.92   0.14   2.27   0.53   2.21   0.08   2.29   0.55  -0.89
201405   1.65   1.38   1.92   1.46   1.39   1.28   1.83   2.22   1.24   0.38
201406   1.63   1.41   1.49   1.91   1.57   1.91   1.90   1.97   1.94   2.54
201407  -1.91  -1.95  -2.09  -1.66  -1.94  -2.14  -1.36  -2.09  -2.17  -3.19
201408  -0.20  -0.29  -0.06  -0.19  -0.02  -0.69   0.13   0.03   0.03  -1.19
201409  -4.04  -4.57  -3.74  -4.66  -4.21  -4.94  -4.22  -4.16  -4.42  -5.70
201410  -1.52  -2.65  -0.25  -1.93  -1.23  -2.58  -0.68  -1.48  -1.04  -4.06
201411   0.77  -0.03   1.44  -0.33   1.03  -0.21   1.35   0.13   1.32   0.42
201412  -2.75  -2.72  -2.68  -3.30  -2.46  -2.86  -1.83  -2.95  -2.31  -2.64
201501   0.04  -1.56   1.25  -0.90   0.02  -0.55   1.00  -0.16   0.53  -1.32
201502   5.40   6.86   4.53   6.14   5.61   5.65   5.05   5.34   5.41   6.90
201503  -1.08  -1.59  -0.05  -1.63  -0.32  -1.85  -0.02  -1.90  -0.78  -0.27
201504   4.74   6.58   3.83   5.28   4.27   5.98   3.64   5.33   4.52   6.13
201505  -0.63  -0.57  -0.41  -0.84  -0.63  -1.19  -0.14  -1.55   0.61  -0.49
201506  -2.54  -2.48  -2.64  -2.63  -2.56  -2.82  -2.22  -2.72  -2.25  -2.12
201507   1.13  -0.31   2.12  -0.09   1.61  -0.33   2.23   0.95   1.55  -0.49
201508  -6.25  -6.36  -6.03  -6.65  -5.87  -6.43  -5.85  -6.34  -5.91  -4.27
201509  -4.35  -6.17  -3.47  -5.35  -3.63  -5.97  -2.79  -4.74  -3.10  -3.84
201510   7.03   6.85   7.59   7.50   6.14   7.93   6.45   7.08   7.71   3.53
201511  -1.16  -2.14  -0.26  -1.61  -1.01  -1.95  -0.68  -1.60  -0.52  -1.65
201512  -1.12  -1.44  -0.81  -1.68  -0.96  -2.01  -0.50  -1.59  -0.65  -0.60
201601  -6.70  -9.41  -5.00  -8.09  -6.36  -7.48  -5.89  -6.49  -6.73 -11.15
201602  -1.19  -1.73  -0.27  -2.00  -0.09  -1.29  -0.37  -1.34   0.44  -2.16
201603   6.97   7.60   6.11   7.76   5.94   7.51   6.46   7.59   6.55   8.05
201604   3.08   5.31   1.54   4.05   2.49   4.49   1.93   4.18   2.38   3.47
201605  -0.83  -2.29   0.15  -1.80   0.35  -2.09   0.50  -1.62  -0.01  -0.82
201606  -3.27  -5.50  -1.55  -4.97  -3.06  -3.74  -2.12  -3.47  -2.95  -7.13
201607   5.15   5.83   4.34   6.18   5.50   5.37   4.96   4.66   5.40   5.28
201608   0.15   2.22  -1.75   2.35  -0.64   1.90  -1.40   1.73  -0.71   1.58
201609   1.46   1.08   1.85   0.97   1.90   1.39   1.93   1.27   2.03   0.90
201610  -1.75   1.44  -3.72   0.53  -3.18   0.31  -4.03   0.11  -3.51  -2.12
201611  -2.32  -0.28  -3.76  -0.95  -3.46  -1.40  -4.09  -1.08  -3.37  -1.29
201612   2.80   3.55   1.51   3.78   1.79   3.80   1.54   3.35   1.74   1.40
201701   3.46   3.45   3.60   3.32   3.63   3.17   3.77   2.44   4.25   3.94
201702   1.13   0.28   1.50   0.38   1.27   0.39   1.52   0.45   1.33   0.84
201703   3.14   2.86   3.90   3.13   3.38   2.94   3.45   2.83   3.19   3.30
201704   3.10   2.69   3.47   3.07   3.28   2.58   3.76   2.16   3.99   2.54
201705   3.81   2.28   5.09   2.97   4.65   3.47   4.88   3.55   4.71   4.22
201706   0.37   1.73  -0.69   1.55  -0.50   0.93  -0.14   0.69   0.10   0.62
201707   2.93   3.99   1.98   3.92   2.99   3.93   2.70   3.53   2.50   3.86
201708   0.20  -0.34   0.58  -0.01   0.58   0.04   0.38  -0.48   0.93   1.24
201709   2.15   2.96   1.72   2.76   2.30   2.68   1.74   2.53   1.43   1.38
201710   1.49   1.02   1.73   1.10   2.33   1.38   2.06   0.56   2.46   1.68
201711   0.89   0.42   1.45   0.59   1.21   0.55   1.45   1.20   1.10  -1.09
201712   1.50   2.19   1.19   1.88   1.57   1.65   1.50   1.39   1.78   1.63
201801   4.80   5.32   4.61   5.06   5.27   4.53   5.27   4.19   5.29   7.02
201802  -4.18  -4.36  -3.87  -3.77  -3.67  -3.97  -3.47  -4.28  -3.67  -1.93
201803  -1.01  -1.69  -0.22  -1.69  -0.24  -1.24   0.10  -1.45  -0.39  -2.89
201804   1.70   2.61   0.69   1.78   1.74   2.74   1.16   2.09   1.30  -0.41
201805  -1.47  -3.66   0.84  -3.92   0.96  -2.95   1.01  -3.36   0.93   0.39
201806  -1.34  -2.11  -1.01  -1.76  -1.07  -1.82  -0.97  -1.29  -1.27  -2.01
201807   2.00   2.55   1.99   2.91   0.54   2.71   1.06   3.04   1.03   1.19
201808  -1.64  -2.52   0.16  -2.08  -0.48  -2.51   0.12  -2.79  -0.32  -1.26
201809   0.75   1.63  -0.59   1.11  -0.59   1.88  -0.62   1.43  -0.21  -1.33
201810  -8.19  -7.43  -9.26  -7.30  -9.59  -7.22  -9.80  -6.34  -9.96 -10.29
201811   0.39  -0.54   1.07   0.16   0.18  -0.10   0.82   0.49  -0.29   0.73
201812  -4.93  -5.15  -5.46  -5.21  -5.29  -4.27  -5.30  -4.68  -4.94  -6.89
201901   6.64   7.24   6.11   7.99   6.02   7.44   5.54   6.66   6.02   8.13
201902   2.46   1.70   3.61   1.95   3.57   1.63   3.84   1.77   3.22   1.85
201903   0.61  -1.07   2.00  -0.98   1.84  -0.55   2.31  -0.76   1.64  -0.54
201904   2.93   3.33   3.12   3.62   2.94   3.16   3.11   3.42   3.05   3.23
201905  -4.37  -5.86  -2.79  -6.31  -3.02  -6.12  -2.40  -5.12  -3.42  -5.43
201906   5.18   4.44   5.65   5.06   5.18   5.24   5.15   4.98   5.25   3.73
201907  -1.44  -2.49  -0.95  -2.12  -0.68  -2.17  -0.74  -2.11  -1.10  -0.22
201908  -2.19  -4.24  -1.02  -3.66  -0.94  -3.16  -0.60  -3.04  -1.54  -3.24
201909   2.69   4.97   1.19   4.41   1.11   3.79   0.89   4.55   1.09   0.62
201910   3.44   3.60   4.09   4.39   3.59   3.73   3.67   3.72   3.73   2.62
201911   1.38   0.79   2.26   1.35   1.83   1.42   1.97   0.61   2.17   2.79
201912   3.34   3.95   2.93   3.92   3.21   3.52   3.03   3.49   3.27   4.16
202001  -2.14  -4.54  -0.87  -4.02  -1.26  -4.31  -1.23  -3.47  -1.29  -2.68
202002  -8.66  -9.23  -8.42  -9.02  -8.19  -8.94  -8.05  -9.48  -7.92  -7.31
202003 -13.79 -20.46  -8.57 -18.30 -10.62 -18.58  -9.99 -18.44 -10.98 -17.85
202004   6.68   5.15   8.18   5.18   8.61   5.63   8.34   4.97   8.18  14.42
202005   4.77   2.76   6.84   3.39   7.52   3.53   7.58   2.59   6.99  10.04
202006   3.13   3.60   2.65   3.84   2.68   3.86   2.60   3.60   3.08   5.41
202007   2.21  -0.48   3.73   0.04   3.93   0.70   3.96   0.11   4.40   4.16
202008   5.76   7.28   5.23   7.11   5.90   6.78   5.70   6.53   5.86   7.04
202009  -2.03  -4.66  -0.34  -4.27  -0.65  -4.09  -0.35  -4.69  -0.22   0.21
202010  -3.38  -2.56  -3.87  -2.47  -4.04  -2.31  -4.11  -2.84  -3.20  -1.84
202011  14.63  19.40  12.15  19.09  12.42  18.54  12.40  18.35  13.37  12.63
202012   5.05   5.02   4.50   5.76   5.22   6.12   5.03   5.05   5.46   6.38
202101  -1.16  -0.63  -1.29  -1.28  -1.12  -0.76  -1.57  -0.57  -1.72  -0.21
202102   2.23   7.10  -0.36   6.37  -0.32   6.34  -0.44   5.15   0.67   1.11
202103   3.07   4.75   1.01   5.11   1.02   4.96   0.80   3.85   1.41  -1.14
202104   3.41   1.98   4.36   2.34   5.05   1.97   4.89   2.16   5.04   3.95
202105   3.72   4.64   3.14   5.10   3.24   4.90   2.99   4.32   3.61   0.05
202106  -1.12  -2.74   0.35  -2.54  -0.06  -2.30   0.05  -1.98  -0.70   1.47
202107   0.92  -0.35   1.97   0.07   1.87  -0.31   2.34   0.28   2.13  -1.00
202108   1.57   1.48   2.71   0.51   3.04   0.87   3.18   0.95   2.41   2.99
202109  -2.87  -0.30  -4.24  -0.99  -3.92  -0.29  -4.42  -1.03  -3.94  -5.02
202110   2.75   2.58   3.23   2.95   3.18   2.48   3.23   2.14   3.86   1.07
202111  -3.93  -5.90  -2.44  -5.49  -2.57  -5.09  -2.71  -4.73  -2.77  -5.52
202112   4.40   5.18   2.76   5.19   3.29   4.93   2.95   5.40   2.96  -0.42
202201  -5.55   0.49 -12.46   0.86 -12.25   0.63 -12.83   0.58 -11.68 -15.68
202202  -2.34  -1.80  -3.67  -2.11  -3.25  -1.34  -3.50  -1.56  -3.09  -3.52
202203   0.51   0.07   0.89   0.44   0.90   0.71   1.09   0.41   0.95   0.74
202204  -6.58  -5.99  -8.80  -5.44  -8.94  -4.85  -9.29  -4.38  -9.04 -10.66
202205   0.60   2.57  -0.69   2.63  -0.76   2.76  -1.07   2.20  -0.74  -0.10
202206  -8.70  -9.58  -8.88  -8.78  -9.55  -9.19  -8.67  -8.39  -9.15 -12.01
202207   5.41   2.71   9.69   1.57   9.12   1.74   9.71   2.36   9.65   7.66
202208  -5.22  -3.44  -6.71  -4.33  -5.81  -4.04  -6.16  -4.29  -6.48  -4.96
202209  -9.62  -9.35 -10.90  -9.13 -11.05  -9.58 -10.39  -8.63 -11.26 -12.58
202210   4.48   5.07   4.13   4.72   4.43   5.13   4.27   4.79   3.98   4.96
202211  12.01  11.29  12.99  11.72  12.57  11.48  12.38  10.68  12.92  12.42
202212  -0.70   1.38  -2.48   1.76  -2.88   1.52  -2.39   1.31  -2.28  -3.51
202301   7.51   9.04   7.14   8.91   7.39   7.75   7.50   7.41   7.43   9.21
202302  -2.55  -0.79  -3.39  -1.74  -3.18  -1.47  -3.32  -1.48  -2.77  -2.22
202303   2.50  -2.21   5.37  -0.25   4.85   0.81   5.16  -0.15   4.45   1.51
202304   2.56   3.26   1.98   2.25   2.33   2.47   2.20   2.98   1.53   0.14
202305  -4.14  -4.13  -3.00  -4.53  -3.20  -5.15  -2.50  -4.88  -3.24  -1.25
202306   4.38   5.52   3.20   6.51   2.77   5.87   2.96   4.90   3.04   5.28
202307   2.99   4.95   1.98   4.75   1.39   4.39   1.37   4.45   2.03   4.10
202308  -3.64  -2.92  -4.41  -3.46  -4.72  -2.52  -4.56  -3.03  -4.04  -7.07
202309  -3.59  -1.42  -6.22  -1.66  -5.94  -1.12  -6.09  -1.59  -6.22  -5.54
202310  -4.16  -5.02  -4.36  -4.98  -4.53  -4.44  -4.15  -3.75  -4.29  -8.89
202311   8.96   8.25  10.39   8.69   9.24   8.05  10.66   8.28  10.13  12.69
202312   5.72   5.64   6.53   5.89   6.37   5.24   6.16   5.80   6.53   6.41
202401  -0.41  -0.99  -0.21  -0.72  -0.66  -0.71  -0.32  -0.56  -0.08  -3.92
202402   2.16   0.75   4.26   0.59   4.06   0.15   4.54  -0.12   2.83   6.36
202403   3.29   5.43   1.50   4.79   2.60   4.52   1.89   4.54   2.54   1.21
202404  -2.97  -1.24  -4.56  -1.15  -4.47  -1.16  -4.90  -1.11  -4.42  -6.06
202405   4.02   5.23   3.76   4.16   4.70   3.87   4.10   4.66   4.15   6.79
202406  -1.87  -3.58  -0.37  -3.38  -0.46  -3.70  -0.28  -3.00  -0.71  -0.98
202407   3.29   4.55   2.34   3.88   2.77   3.95   2.30   4.87   3.07   2.07
202408   2.77   0.74   3.73   1.00   4.01   1.52   3.84   1.93   3.93   1.59
202409   1.35   1.69   1.00   2.07   1.18   1.62   1.38   1.79   1.44   1.30
202410  -4.80  -3.46  -6.04  -3.86  -5.05  -4.20  -5.60  -3.90  -5.46  -4.94
202411  -0.49  -0.06  -0.60  -0.46  -0.44  -0.81  -0.49  -0.86  -0.50  -0.27
202412  -2.27  -2.10  -2.51  -1.79  -2.70  -1.93  -2.77  -2.32  -2.53  -2.34
202501   4.36   4.55   5.00   3.82   5.46   3.58   5.40   3.68   5.03   6.09
202502   1.53   3.89  -0.77   3.77  -0.95   3.57  -0.91   4.11  -0.21  -2.02
202503   0.01   2.29  -2.95   1.92  -2.18   1.88  -2.81   2.97  -2.01  -2.94
202504   4.47   2.89   5.83   2.99   6.25   2.69   6.41   3.99   5.57   4.52
202505   5.01   5.63   5.64   5.27   5.28   5.09   5.38   4.55   5.60   7.60
202506   2.97   3.87   2.94   2.73   3.90   2.62   3.53   2.70   3.51   5.01
202507  -1.54   1.12  -2.87   0.71  -2.80   0.41  -3.39  -0.22  -2.30  -1.78
202508   4.62   5.96   2.55   5.82   2.88   5.78   2.20   5.84   2.47   4.94
202509   1.73   2.12   1.31   1.72   1.62   1.45   0.78   1.44   1.65   0.99
202510   1.05  -0.20   1.72   0.42   2.47   0.45   1.61  -0.35   1.54   0.69
202511   0.93   3.88  -1.70   3.60  -2.31   3.72  -2.13   3.74  -1.90  -3.73
202512   2.93   4.97   0.81   4.73   0.96   4.09   0.78   4.19   2.12  -1.04

     Value-Weight Local  Returns      All 4 Data Items Required
                -- BE/ME --   --- E/P ---   --- CE/P --   ------  Yld  -----
          Mkt   High    Low   High    Low   High    Low   High    Low   Zero
197501  15.60  14.24  15.85  15.32  15.67  14.68  16.62  13.23  16.45   4.97
197502  10.37  12.37   9.37  12.64   8.61  11.95   9.47  11.30   9.54   2.95
197503   1.12   0.82   2.08   1.49   0.22   0.55   1.55   0.42   2.03   3.94
197504   5.03   4.97   5.10   4.61   4.56   3.74   5.65   2.42   6.81  -3.19
197505  -0.54  -1.07  -1.15   0.11  -1.06   0.51  -1.36  -1.01  -1.23  -7.28
197506  -2.21  -2.66  -3.07  -1.91  -3.52  -2.60  -2.41  -3.64  -1.79  -3.08
197507  -0.30  -0.46  -0.38  -0.28   0.40   0.62  -0.47   0.83  -0.16  -4.52
197508   0.36   0.54  -0.28   0.19  -0.16   0.11  -0.13   0.33  -0.51  -4.50
197509  -2.34  -1.16  -2.56  -2.26  -1.89  -2.75  -2.81  -1.80  -2.93  -3.18
197510   7.30   7.18   6.54   8.11   6.05   7.97   6.82   8.28   6.07   9.13
197511   4.55   5.32   4.40   4.31   2.99   3.55   4.66   4.15   5.11  -3.07
197512   2.77   3.19   1.62   3.62   1.81   3.60   1.39   3.44   2.07   2.21
197601   4.48   7.75   1.64   6.13   3.40   7.16   1.85   7.44   2.36   5.43
197602  -0.19   0.84  -0.95   0.97  -0.87   1.59  -0.90   0.47  -0.85   4.03
197603   0.36  -0.82   0.55   1.22  -0.10   0.10   0.71  -0.45   0.72  -2.48
197604   0.34  -0.29   0.20   0.67   0.09   0.67   0.09   0.59   1.39  -2.00
197605  -1.09  -1.86  -1.30  -0.24  -1.18  -1.12  -0.87  -1.63   0.00   0.79
197606   1.17   1.74   0.12   2.09   0.28   1.91  -0.22   2.17   0.24   0.89
197607  -1.95  -1.64  -1.55  -1.72  -2.45  -1.44  -2.04  -1.39  -1.47   1.20
197608  -0.88  -1.08  -1.02  -0.93  -0.75  -1.12  -0.98  -0.69  -1.69   0.65
197609  -1.53  -2.11  -2.26  -1.68  -1.57  -2.12  -1.46  -1.72  -1.73   0.48
197610  -5.44  -7.29  -4.81  -5.36  -5.16  -6.37  -4.89  -6.78  -3.39  -7.45
197611   1.67   1.74   1.17   2.28   0.28   1.48   1.52   2.23   1.14   0.50
197612  10.36   9.91   9.38  11.80   9.64  10.30   9.02   7.60  10.93   5.73
197701  -0.47   0.90  -1.00  -0.40  -0.13   0.36  -1.16   2.07  -2.03   4.78
197702   1.78   3.44   1.02   2.63   0.48   3.21   0.72   3.90   1.26   1.21
197703  -0.15   1.45  -1.13  -0.45   0.16   0.78   0.03   0.68  -1.87  -0.37
197704   2.67   3.95   1.26   2.46   3.00   3.87   1.79   4.15   1.87   0.80
197705  -0.28  -0.22  -0.05   0.86  -1.08   0.26  -0.72  -0.30  -0.15   0.33
197706   1.20   1.16   0.91   1.44   0.33   1.48   0.78   1.36   1.19   1.61
197707  -1.73   0.03  -3.35  -1.30  -1.89   0.45  -2.69   0.36  -4.02   3.68
197708   4.34   4.06   4.06   4.68   4.31   5.01   4.53   4.68   4.34   2.23
197709   1.86   1.10   2.67   2.72  -0.24  -0.30   2.97   0.74   2.46   4.02
197710  -1.72  -0.46  -2.48  -1.02  -2.11  -1.28  -1.73  -0.38  -2.51   5.16
197711  -1.32  -1.44  -1.80  -1.26  -1.42  -1.14  -1.29  -1.24  -1.61  -6.53
197712  -0.03   2.41  -1.87   1.03  -1.03   1.80  -0.50   2.48  -2.58  -0.53
197801   0.43   3.18  -0.68   2.01  -1.27   1.56  -1.33   1.71   0.90   4.77
197802  -0.30   0.76  -0.75   1.00  -1.23   0.48  -0.62  -0.38  -0.74   1.43
197803   5.34   5.25   4.79   5.26   4.65   5.67   4.42   5.83   4.41   5.60
197804   0.71   1.14   1.15   2.20  -0.20   1.06   0.02   0.29   0.70   1.00
197805   2.36   3.46   1.46   2.03   2.96   4.24   1.27   2.50   1.69   2.78
197806   0.50  -1.12   1.47  -0.11   0.87  -1.14   1.50  -0.33   1.44  -1.55
197807   3.41   3.61   3.91   3.43   3.94   4.12   3.93   3.85   3.30   4.99
197808   1.47   0.93   2.45   1.13   2.33   0.92   2.12   0.72   2.70   4.77
197809   2.12   1.23   3.36   2.16   1.04   0.74   2.52   1.03   3.51   5.07
197810  -2.45  -1.05  -3.02  -2.88  -1.88  -2.13  -2.10  -0.52  -4.14  -1.75
197811   1.01   1.91   0.05   0.78   1.20   2.21   0.17   1.14   1.00  -2.30
197812   1.65   2.71   0.31   1.80   1.20   2.95   0.05   2.69   1.07  -1.04
197901   2.67   2.73   3.21   1.72   3.04   2.58   3.11   2.69   3.44   0.24
197902  -0.56  -1.06  -0.42  -1.40  -0.42  -1.57  -0.63  -1.55  -0.01  -0.63
197903   4.08   2.88   5.17   2.95   4.40   1.94   4.77   2.15   5.82   0.89
197904   2.23   3.35   2.81   3.68   1.21   2.32   1.07   0.65   3.10  -5.74
197905  -1.85  -2.55  -1.44  -2.05  -0.71  -1.43  -2.63   0.02  -3.83  -1.66
197906  -0.13  -0.04  -1.22   0.33  -0.19  -0.52  -1.54  -0.66  -0.28   3.81
197907  -0.61  -0.42   0.52  -0.58  -0.52  -0.93   0.01  -0.22  -1.17   0.07
197908   4.04   4.29   3.19   4.19   3.80   4.63   3.62   4.09   4.00   1.14
197909   3.68   3.47   3.34   2.67   3.66   2.02   3.24   2.05   4.09   0.76
197910  -4.16  -4.59  -4.48  -4.36  -4.02  -5.59  -6.08  -4.38  -3.49  -8.22
197911   1.24   0.07   1.15   0.79   1.14  -0.07   1.21   0.49   0.51   2.75
197912   1.54   1.68   1.03   1.93   0.97   2.58   1.58   2.16   0.70   6.20
198001   5.13   4.26   5.41   5.41   5.12   4.95   5.20   4.45   3.86  21.18
198002   2.93   0.37   4.22   2.29   3.45   1.97   2.92   1.25   2.98   0.12
198003  -8.88  -7.50  -9.10  -7.82  -9.51  -8.11  -8.39  -7.25  -8.61 -11.32
198004   3.70   2.81   3.62   2.77   3.80   2.27   3.83   3.98   4.63   3.26
198005   1.59   1.34   1.10   2.05   1.25   2.08   1.32   0.81   1.39  -3.13
198006   5.15   4.46   6.36   2.62   6.38   2.90   7.59   3.32   6.74  -1.36
198007   2.19   2.66   2.36   2.55   2.53   2.26   2.49   2.16   2.17   3.10
198008   1.49   1.71   1.92   2.64   1.13   1.26   1.68   0.93   1.87  -1.16
198009   2.37   0.77   2.52   3.44   1.49   2.81   2.08   1.24   3.76   0.32
198010   5.13   3.33   5.75   6.29   5.16   5.31   3.94   2.86   6.72  -3.95
198011   0.47  -0.02   0.28   1.11   0.18   1.03   0.25   0.33  -0.04  -3.10
198012  -2.53  -0.93  -3.18  -2.81  -2.07  -2.53  -2.42  -1.02  -3.63  -0.05
198101   0.57   1.53  -0.20  -0.13   0.91   0.65   0.82   0.90   0.64  -0.45
198102   1.83   3.94   2.07   1.91   1.82   1.63   2.90   1.85   3.63   5.53
198103   4.98   7.02   2.52   7.33   2.86   6.35   1.93   4.10   4.95   9.75
198104   7.54  13.00   5.25   9.59   4.88   9.64   4.52   7.69   7.43   4.12
198105   0.81   0.87   2.00   1.53   0.05   0.51   0.09  -2.77   3.16   6.05
198106   2.03   3.91   0.24   1.37   2.45   3.06   1.46   2.37   0.20   9.87
198107   0.24   1.79  -0.65   2.48  -1.76   2.01  -1.73  -0.80   0.38  -1.62
198108  -0.04  -1.57  -0.10  -2.11   0.51   0.64   0.47   3.12  -1.18   0.70
198109 -12.38 -11.36 -12.49 -12.50  -9.59 -11.96 -10.88  -7.35 -14.56 -18.34
198110   0.32  -0.12   0.87   1.03  -0.20  -0.15  -0.19  -0.60   0.80  -4.27
198111   4.52   4.08   5.00   2.54   6.54   3.23   6.28   6.08   4.26   0.19
198112   0.75   1.65   0.53   1.97  -0.06   2.35   0.24   1.00   1.43   7.17
198201   0.85   1.48   1.43   0.47   0.83   0.23   0.76  -0.13   2.75  -4.92
198202  -4.41  -0.26  -6.07  -3.10  -4.98  -2.69  -4.69  -2.67  -5.44  -9.00
198203  -2.28  -0.97  -3.22  -2.42  -2.24  -0.80  -2.56  -0.54  -5.01   1.27
198204   2.67   0.65   3.13   2.82   2.42   1.76   2.20   1.41   3.98   4.17
198205   0.82  -0.34   1.22  -0.70   1.53  -1.10   1.61  -1.69   2.73  -0.11
198206  -4.25  -4.36  -3.45  -5.12  -3.71  -5.44  -2.91  -5.38  -3.37 -12.41
198207  -0.64  -0.63  -0.81  -1.66  -0.43  -1.26  -0.45  -2.14  -0.57  -1.25
198208   3.03   1.31   2.75   4.10   2.40   3.08   2.07   3.12   3.62  11.63
198209   1.59  -0.30   3.33   0.11   2.45  -1.13   3.54  -1.05   3.70  -2.52
198210   3.23   3.53   2.37   6.05   2.02   5.48   1.96   5.15   3.92   0.83
198211   4.26   3.93   5.06   2.76   4.36   3.63   4.71   2.56   5.34  -5.23
198212   4.12   5.38   3.15   4.84   3.52   5.22   2.44   4.92   3.74   0.10
198301   0.55   3.59  -0.09   0.17   2.10   3.10  -0.24   3.49  -0.50   4.14
198302   2.38   5.97   1.06   1.92   1.83   4.67   1.85   4.91   0.94   2.93
198303   5.43   4.57   4.34   7.55   4.23   4.42   5.20   4.03   5.49   8.75
198304   5.22   3.59   5.39   5.79   4.83   4.25   5.37   5.09   5.49   4.32
198305   0.51  -0.04   2.75  -0.55   1.84  -1.13   1.96  -0.88   2.06   1.54
198306   3.63   2.57   3.24   5.22   2.55   4.32   2.15   3.47   4.00   6.17
198307   1.98   1.90   2.52   1.17   3.17   0.95   1.70   0.17   3.70   2.51
198308   0.42   2.30   0.22   1.09   0.92   1.52   1.65   2.62  -0.56  -0.49
198309   1.32   0.52  -0.19   2.57  -0.47   2.87  -1.18   1.65   0.95   4.14
198310  -0.79   0.07  -1.94   0.03  -2.32   0.12  -1.67  -0.50  -1.29   0.41
198311   3.25   3.18   3.58   3.65   2.96   2.72   2.92   2.47   3.60   5.50
198312   4.56   6.11   3.30   5.09   3.13   5.98   2.47   5.78   2.98   1.39
198401   4.28   6.75   3.67   7.00   3.18   6.92   2.93   6.22   2.92   7.79
198402  -3.26  -2.70  -2.93  -2.65  -3.22  -3.05  -2.84  -2.39  -3.43  -8.75
198403   4.82   4.05   4.64   3.85   6.11   4.30   5.88   3.68   4.54   3.38
198404  -0.09  -0.49  -1.80   0.55  -0.45  -0.01  -0.83   1.04  -2.15   2.65
198405  -8.77  -6.97  -9.84  -7.00  -8.87  -7.60  -8.46  -7.00 -10.49  -9.49
198406   1.73   0.79   2.78   1.70   2.26   0.71   1.91   0.76   2.54   3.74
198407  -2.88  -2.57  -3.16  -2.60  -3.28  -2.57  -2.97  -2.17  -3.27  -5.54
198408   9.22   7.67  10.54   8.16   9.30   8.38  10.28   7.39  10.58  10.43
198409   2.54  -0.46   3.71   1.13   2.46   1.14   2.83   0.38   3.71   6.20
198410   0.67   1.38   1.28   0.69   1.79   0.42   1.93   1.23   0.61   1.01
198411  -0.58   1.79  -2.07   0.68  -0.78   0.75  -0.69   1.92  -2.30   0.06
198412   3.96   8.10   1.42   7.57   2.30   6.73   2.18   7.82   2.19   0.86
198501   3.94   4.47   4.36   5.24   4.38   2.92   4.25   1.41   5.45   1.64
198502   0.76   1.41  -0.46   1.90  -0.16   1.56  -0.44   0.81  -0.14  -0.02
198503   0.62   0.80   0.75  -1.23   1.88   1.26   1.11   3.39  -0.65   6.63
198504   0.46   0.76   0.35   0.58  -0.20  -0.17   0.21  -0.07   0.74   5.41
198505   2.90   3.20   2.45   1.47   3.59   4.34   1.66   7.35  -0.68   7.35
198506  -0.78   1.55  -3.16   1.27  -2.63   1.31  -2.23   0.89  -2.14   3.99
198507  -1.99  -0.53  -1.75  -3.32  -1.17  -1.19  -1.47   0.21  -3.27  -4.84
198508   4.60   5.58   3.73   4.02   3.77   5.31   4.68   6.79   2.74   8.76
198509   0.67   2.59  -2.07  -0.27  -1.15   3.51  -1.09   6.71  -2.31  -1.88
198510   4.36   1.05   8.48   4.53   5.62   0.77   5.76  -1.67  10.08   9.09
198511   1.48   0.84   2.86   0.62   2.72   0.56   1.29  -0.61   2.76  -1.27
198512   4.17   3.88   2.74   4.04   2.58   6.38   3.56   5.38   3.41   6.69
198601   0.67   1.05   1.19   1.07   1.68   0.50   1.89  -0.20   1.77   1.90
198602   2.89   1.86   3.01  -0.52   3.77   2.58   3.27   6.62   1.51   4.07
198603  12.66  12.58  13.34  10.85  13.90  12.75  13.15  13.60  12.92  15.95
198604   1.94   3.30   1.48   7.21  -0.93   2.83   1.08  -0.69   2.55   1.83
198605  -0.32  -1.08   0.83  -1.88   1.21  -2.31   2.23   0.01   0.75   4.78
198606   0.91   0.11   1.15  -1.34   0.78   0.92   0.82   2.69  -0.26   3.15
198607   1.00  -3.56   2.34  -6.75   4.11   3.62   0.41  10.62  -1.03   6.08
198608   9.40  12.44   8.49  13.65   7.92  11.21   6.23   8.77   6.18  -1.08
198609   1.23   0.57   2.11   1.27   1.95   4.95  -2.03   4.56   0.54 -11.94
198610  -1.88  -0.02  -3.09   1.36  -3.16  -2.44  -2.42  -4.62  -0.52  -1.19
198611   2.80   1.61   3.69   0.54   4.25   0.97   4.87   2.69   2.77   8.17
198612   3.41   4.20   2.98   3.98   3.44   4.18   4.35   3.98   4.88  -0.54
198701  -0.21  -2.05   0.84  -2.57   1.15   0.31   0.48   2.22  -0.93   2.38
198702   3.30   2.34   4.97   1.94   6.55   2.55   5.20   3.34   4.74   6.69
198703   0.59  -0.37   0.55  -1.13   1.96   0.14   3.02   1.93  -1.33   3.99
198704   3.51   4.50   2.05   4.25   2.34   5.60   2.55   5.25   2.24  19.80
198705   4.53   8.75   2.69   5.36   5.91   2.51   5.35   0.54   6.78   6.86
198706   1.46   9.97  -2.86   6.05   0.51   4.21  -1.50   1.83   2.53  -6.62
198707   3.12   6.21   1.82   4.89   2.83   2.52   3.08   0.26   3.36   2.83
198708   1.10  -1.50   3.24  -0.77   2.06   1.14   1.73   3.11   0.84   5.21
198709   3.52   9.74   0.26   6.29   1.03   6.29  -0.13   3.27   2.43  13.29
198710 -19.80 -23.73 -17.97 -20.75 -20.30 -19.43 -20.46 -15.71 -22.96 -20.65
198711  -3.73  -2.26  -4.73  -2.94  -3.25  -3.83  -3.01  -4.71  -3.13  -4.32
198712  -1.33   0.70  -2.93   0.05  -1.68  -2.16  -1.94  -2.78   0.26  -7.11
198801   4.66   3.63   4.09   3.65   4.22   4.78   4.40   3.97   4.19   8.13
198802   6.04   7.67   5.18   7.83   4.26   8.82   4.52   8.98   4.77   8.76
198803   2.35   5.57   1.32   4.27   2.01   3.08   1.92   2.44   1.54   0.13
198804   3.43   3.80   3.23   3.24   3.40   3.71   2.74   4.04   2.78   0.90
198805  -2.86  -3.09  -2.85  -3.60  -2.72  -2.38  -2.67  -2.12  -2.97   4.19
198806   2.89   5.68   1.35   5.76   1.55   7.02   0.77   6.10   1.55   3.82
198807   3.95  11.93   1.08   9.73   1.88   8.43   1.40   5.97   1.08  -1.51
198808  -4.76  -7.03  -3.66  -7.22  -3.66  -6.77  -3.09  -6.04  -3.47  -6.75
198809   0.57   0.97  -0.77   1.09  -1.34   3.03  -1.02   3.04  -1.95   4.12
198810  -2.08  -1.67  -3.05  -0.51  -4.49   0.66  -3.76   2.07  -5.00   2.66
198811   2.00   2.48   0.86   2.79   0.97   2.36   0.54   2.59   0.36  -0.42
198812   3.09   6.07   1.34   7.73   0.90   5.68   0.68   6.12   0.67   2.03
198901   5.29   5.87   4.43   5.52   4.52   6.50   5.41   7.78   2.90   4.57
198902  -2.62  -2.28  -3.45  -2.01  -3.17  -2.89  -0.53  -2.16  -3.75  -0.59
198903   1.01   2.67   0.07   1.52   0.51  -1.15   3.76   1.03   1.07   5.17
198904   1.87   1.99   1.23   1.68   2.03   2.31   1.42   3.00   1.31   7.48
198905   1.83   6.08  -0.35   6.33  -0.76   5.00   0.14   4.03  -0.08   0.44
198906  -0.96  -1.03  -0.24  -0.99  -0.29  -1.19  -1.63  -1.44   0.17   3.85
198907   6.87   3.97   8.27   4.86   7.75   5.57   7.27   6.85   7.70   2.58
198908  -0.37   1.77  -1.11   2.08  -1.85  -0.32   0.09  -1.35  -0.43   5.46
198909   0.50   0.64   0.20  -0.18   0.66   0.21   1.86   1.33   0.15   2.56
198910  -2.96  -2.24  -3.56  -2.91  -3.29  -2.16  -0.79  -2.00  -3.46  -9.15
198911   3.70   1.33   4.39   1.81   4.72   3.74   3.55   4.38   3.42   3.40
198912   2.69   2.87   2.13   2.02   1.95   2.30   1.69   2.80   2.26   3.80
199001  -3.46  -1.03  -5.08  -1.82  -4.80  -2.89  -4.66  -3.04  -3.98  -5.56
199002  -4.05  -3.46  -4.22  -3.77  -4.40  -3.63  -4.43  -3.79  -4.28  -5.23
199003  -5.28  -1.12  -7.49  -0.85  -7.45  -3.96  -8.84  -4.70  -6.09  -9.77
199004  -1.03  -1.46  -1.58  -0.35  -1.90  -1.55  -0.53  -0.45  -2.13   0.62
199005   7.97   6.00   9.58   5.62  10.36   6.52  10.72   7.76   8.24  10.16
199006  -1.21   0.78  -2.08   0.28  -2.32  -1.33  -1.74  -1.49  -0.53  -9.82
199007  -2.18  -3.11  -1.91  -3.42  -2.06  -3.63  -1.72  -2.89  -1.12  -2.72
199008 -11.15 -10.77 -11.71 -11.21 -12.00 -10.57 -11.52  -9.47 -12.03 -17.73
199009 -14.47 -14.10 -14.73 -15.15 -14.90 -14.44 -14.85 -14.38 -15.12 -21.11
199010  11.02   5.83  15.67   5.94  16.49   9.13  12.93   7.00  16.04  20.08
199011  -6.30  -5.46  -7.94  -5.26  -8.26  -5.46  -7.21  -5.28  -7.93 -10.18
199012   2.34   1.17   3.48   1.56   3.61   2.83   1.72   2.82   2.16   0.73
199101   0.03   0.87  -0.86   1.05  -1.39   0.75  -0.47   0.86  -0.91   3.02
199102  13.04  15.60  11.58  16.41  11.79  13.75  13.18  13.64  10.91  19.65
199103   1.25   1.07   1.85   1.47   1.54   1.33   1.00   1.02   2.50  -1.87
199104  -0.37  -0.21  -1.28  -0.65  -1.28  -0.86  -0.29  -0.37  -0.70  -4.34
199105   0.69  -0.05   0.24  -0.36   0.57   0.73   0.42   1.36  -0.49   2.68
199106  -4.05  -3.50  -4.54  -2.73  -4.60  -3.85  -5.19  -3.80  -3.92  -5.88
199107   3.23   3.40   2.76   2.93   2.58   2.93   2.92   3.17   2.59   4.60
199108  -2.65  -2.77  -2.15  -2.67  -2.34  -2.06  -3.73  -1.98  -2.51   0.17
199109   1.99   1.67   1.71   1.26   1.91   0.47   4.91   2.34   1.23   5.43
199110   0.62   0.16   2.00  -0.98   1.93   0.00   1.61  -0.50   2.17  -4.30
199111  -5.84  -7.46  -5.21  -7.54  -4.81  -5.36  -6.67  -5.41  -5.10  -9.60
199112   0.79   0.58   0.93   0.33   0.94  -0.18   1.61   0.74   0.59  -1.28
199201   1.26   3.53   0.10   3.36   0.32   2.05   0.86   1.58   0.77   9.14
199202  -0.16  -0.69   0.23  -0.13   0.41   0.06   0.22  -0.54   1.00   2.87
199203  -4.29  -3.25  -5.05  -3.51  -5.39  -4.17  -4.84  -3.68  -5.09  -5.30
199204   2.43   5.97   0.32   5.23   0.67   4.14  -0.64   3.42   0.37  -1.65
199205   2.52   1.97   2.54   2.73   2.68   2.52   2.86   2.58   3.41  -1.30
199206  -6.20  -6.15  -6.03  -5.65  -6.63  -6.40  -6.79  -7.25  -5.91  -5.27
199207  -4.00  -5.98  -3.19  -5.24  -2.86  -3.92  -4.06  -4.33  -3.68 -11.66
199208   0.94  -0.85   1.45  -0.01   1.36  -0.29   2.98   0.89   1.31   2.24
199209  -1.28  -2.13  -0.50  -2.72  -0.55  -2.60  -0.80  -2.07  -1.61   2.60
199210   0.60   1.46   0.53   1.17  -0.07   0.31   0.73   0.48   0.94  -8.86
199211   3.21   3.09   2.77   3.24   1.92   2.63   3.46   2.67   3.33   2.35
199212   1.38   2.31   0.99   1.78   1.30   2.30  -0.12   1.93   0.05  -1.83
199301  -0.02   1.39  -0.41   1.30  -0.59   1.65  -1.01   1.77  -0.84   5.26
199302   2.15   2.07   1.64   2.58   2.77   3.62   0.89   2.92   1.41  -3.21
199303   7.54   8.79   5.19   6.94   9.71  10.56   4.39   8.51   3.01   8.02
199304   5.50   6.40   4.49   5.81   5.96   5.87   4.47   6.68   4.73   8.87
199305  -0.45  -1.32  -0.20  -1.02   0.35  -0.48   0.04  -0.45   0.42   1.69
199306  -1.35  -1.01  -0.96  -1.58  -2.00  -1.39  -1.59  -0.63  -1.00  -2.16
199307   3.95   5.67   2.88   5.01   3.70   5.52   3.04   4.92   2.73   7.07
199308   4.57   4.47   4.31   5.00   4.62   4.05   4.71   3.29   5.18   6.34
199309  -2.35  -1.69  -1.29  -1.06  -3.64  -3.02  -0.72  -3.15   0.00  -5.16
199310   4.38   4.83   3.71   5.13   4.12   5.53   2.97   4.43   3.20  -2.97
199311  -6.29  -5.95  -5.64  -5.82  -7.40  -6.08  -6.60  -5.63  -5.64  -8.68
199312   7.69  10.15   5.28   8.50   7.60   9.23   6.39   7.32   6.76   5.03
199401   7.88   9.17   8.08   7.35  10.77   9.40   7.28   7.60   9.51  10.52
199402  -2.13  -0.63  -2.85  -2.50  -1.72  -1.58  -2.77  -2.27  -2.00  -5.05
199403  -3.89  -3.26  -4.38  -3.86  -3.75  -3.57  -3.62  -3.55  -3.94  -4.21
199404   2.21   3.24   1.23   0.97   2.78   2.00   1.99   2.82   1.07   2.68
199405   0.34   1.95  -0.89   0.61  -0.32   0.24  -0.03   0.80  -0.97   0.15
199406  -2.05  -1.97  -2.07  -1.71  -2.43  -2.14  -2.22  -2.00  -2.15  -2.85
199407   1.60   0.59   1.53   2.79   1.32   1.56   2.14   1.36   1.77   2.84
199408   2.94   2.84   3.52   2.52   3.62   3.36   2.37   2.11   3.69   4.77
199409  -4.53  -4.54  -3.82  -4.78  -4.61  -4.54  -3.55  -4.03  -3.86  -7.97
199410   1.30   2.00   0.81   0.32   1.97   1.56   0.17   0.76   1.43  -1.80
199411  -2.41  -2.59  -2.24  -2.41  -3.21  -3.16  -1.29  -2.39  -2.60  -0.18
199412   0.99   0.81   1.10   1.29   1.12   1.48   0.41   0.72   1.28  -9.34
199501  -4.84  -3.51  -5.47  -3.12  -6.05  -5.07  -4.15  -3.49  -6.36  -6.68
199502  -2.04  -2.03  -2.20  -1.67  -3.01  -1.13  -2.67  -1.58  -2.28  -3.39
199503  -0.12  -1.30   1.41  -1.04   0.36  -0.04  -0.76  -0.35   1.23 -12.70
199504   2.30   1.73   2.80   2.56   2.92   2.27   2.91   2.07   2.60   4.49
199505  -0.21   0.25  -0.32   0.70  -0.72  -0.12  -0.20   0.26  -0.07  -5.25
199506  -0.43  -1.03   0.25  -0.50  -0.53  -0.37  -0.28  -1.11   0.06  -5.47
199507   6.35   7.51   5.62   6.38   7.36   6.17   6.75   4.89   7.05   9.80
199508   3.90   2.27   4.83   3.50   5.37   4.01   4.19   3.13   5.05  12.16
199509   0.59  -0.45   0.69   1.14  -0.13   0.55   0.37   0.71   0.41  -2.68
199510  -0.88  -1.57  -0.74  -0.95  -1.51  -2.13  -1.05  -0.64  -1.89  -7.01
199511   2.36   3.04   2.19   1.54   2.93   1.65   2.86   1.87   1.98   4.29
199512   3.37   4.24   2.85   3.50   2.79   3.14   2.74   3.62   2.74   5.64
199601   4.13   5.69   3.55   5.52   3.76   4.72   3.83   5.07   3.56   4.25
199602  -0.11   0.67  -0.03   0.26  -0.23   0.49   0.03  -0.17   0.21   1.57
199603   2.46   2.04   1.80   1.33   2.75   0.29   3.56   1.61   2.66   1.24
199604   3.95   3.99   3.81   3.89   3.50   4.71   3.68   4.36   3.56   5.34
199605  -0.50  -0.93  -0.25  -1.13  -0.28  -1.87  -0.39  -1.44  -0.44  -0.46
199606   1.46   1.12   1.72   0.60   0.77   0.61   1.05   0.43   1.71   0.23
199607  -5.11  -5.58  -5.08  -4.63  -5.45  -5.18  -4.91  -5.00  -5.35  -5.91
199608   1.02   2.07   1.14   0.72   1.52   1.60   0.62   0.54   1.79  -0.44
199609   4.85   4.28   5.02   4.37   4.30   4.30   5.09   4.16   4.39   1.49
199610  -1.16  -1.70  -1.31  -1.65  -0.77  -1.60  -1.58  -1.06  -0.92  -2.52
199611   4.64   6.09   4.29   5.29   3.52   5.52   2.79   3.90   4.28   2.12
199612   1.12   1.87   0.99   1.76   0.18   2.43  -1.15   1.17   1.07  -4.63
199701   2.47   3.24   2.20   3.29   2.03   3.92   1.91   1.98   2.51   2.70
199702   1.58   2.20   1.62   3.43   1.26   2.20   1.62   2.20   2.27   1.63
199703   0.84   0.42   0.65   0.81  -0.51   1.37   0.41   0.54   0.69   0.24
199704   3.67   2.32   4.36   3.87   2.98   3.86   4.15   2.00   4.69   2.90
199705   3.14   3.12   3.32   1.42   4.87   2.81   3.52   2.19   3.34   4.47
199706   4.76   4.22   4.83   3.66   5.10   6.47   4.77   3.66   5.02   4.56
199707   5.57   3.72   6.61   5.58   5.21   4.63   5.47   3.47   7.00  -0.08
199708  -7.12  -4.56  -7.36  -4.71  -7.56  -5.70  -7.50  -5.05  -7.75  -6.85
199709   4.90   2.44   6.17   3.77   3.38   2.38   6.02   1.55   6.48  -2.66
199710  -7.88  -7.69  -8.36  -8.03  -7.62  -7.64  -7.59  -6.28  -8.93  -7.11
199711   1.51   0.83   2.59   1.60   1.93   1.06   2.83   0.80   2.84  -6.12
199712   2.16   0.52   3.09   0.65   2.97   0.53   3.31   0.05   3.23  -5.35
199801   3.99   6.37   3.89   4.53   3.42   6.40   3.66   6.60   4.00  11.10
199802   4.60   6.57   4.57   5.26   5.23   6.01   4.54   6.19   5.26   6.59
199803   5.78   7.90   4.60   7.86   4.25   7.64   5.48   6.52   5.34   4.47
199804  -0.75  -0.53  -0.09  -1.66   0.18  -0.87  -0.13  -1.71  -0.31  -2.26
199805   2.08   2.44   2.67   1.74   1.79   2.73   2.16   2.01   1.98   3.14
199806   0.55  -1.37   1.30  -0.54   1.49  -0.18   1.47  -0.81   1.73  -5.60
199807   0.43  -1.13   1.33  -1.05   1.08   1.88   0.64  -0.63   1.79  -2.27
199808 -11.88 -14.24 -10.33 -14.20 -10.69 -14.28 -10.80 -13.36 -10.95 -18.59
199809  -3.62  -3.33  -4.81  -4.36  -4.32  -5.04  -4.24  -6.12  -5.26 -10.99
199810   4.22   4.36   5.37   3.70   4.44   3.84   5.63   6.77   4.97  11.48
199811   6.55   5.64   6.42   5.96   6.62   6.19   6.62   5.62   7.59   8.46
199812   1.51  -0.36   3.48  -1.81   3.61   1.24   3.40  -0.21   3.23  -1.71
199901   2.53   0.48   3.18   0.44   4.04   0.71   2.37  -0.74   2.64  11.77
199902   0.72   2.75   0.21   3.92   0.27   3.93  -0.52   3.03  -0.28  -5.74
199903   3.91   6.58   2.10   5.55   3.31   6.73   1.80   6.86   2.33   2.89
199904   4.91  11.82   2.62  10.84   3.92  12.49   2.86  11.36   2.35   9.26
199905  -2.21  -3.46  -1.83  -2.14  -1.77  -3.60  -0.86  -3.36  -1.61  -2.35
199906   5.45   8.08   5.25   6.70   5.48   7.61   4.63   5.27   5.61   8.67
199907   0.20   1.42  -0.71   2.59  -0.41   3.33  -0.46   1.58  -0.97   1.12
199908  -0.11   0.07  -0.13   0.73  -0.07  -1.17   1.40   0.42  -0.32   0.73
199909  -0.91  -1.93   0.49  -2.97   0.15  -0.99   0.39  -3.05   0.53   1.53
199910   3.64  -1.56   5.31  -1.48   5.78   1.25   3.82  -1.50   5.20  -0.19
199911   8.30   0.66   9.89   3.07  12.56   4.54  10.30  -0.12  10.20  10.51
199912  10.38   5.57  10.21  11.79   8.65   8.07   9.57   4.50  12.19   2.16
200001  -3.91  -1.42  -3.91  -1.32  -3.95  -2.79  -3.75  -1.88  -3.39   5.99
200002   6.25  -4.84   9.57   0.75   9.99  -2.73   9.87  -2.33   9.16   6.93
200003   1.44   5.45  -0.54   2.65  -1.32   4.65  -0.53   3.31   0.04  -3.42
200004  -1.56   2.19  -3.07   1.26  -2.83   1.95  -2.60   0.85  -3.12  -2.44
200005  -4.37   3.33  -6.95   0.17  -7.11  -0.13  -6.46   2.83  -6.86  -4.63
200006   1.33   2.70   0.81   2.28   0.91   2.58   1.00   3.99   0.85  12.82
200007  -1.36  -0.11  -1.88   1.11  -1.98   1.28  -1.87  -0.23  -1.97  -1.59
200008   2.73   2.08   2.83   0.20   4.01   0.45   4.20   2.04   2.84   4.08
200009  -4.89  -2.04  -6.29  -1.39  -5.53  -0.56  -5.89  -1.27  -6.19  -7.86
200010  -0.73   2.70  -1.82   2.17  -2.82   2.30  -3.04   3.10  -2.51  -2.59
200011  -3.40   1.75  -5.39   0.90  -5.80   2.64  -5.67   2.38  -6.28 -12.91
200012  -2.56   1.22  -4.07   1.04  -4.69   1.63  -4.21   1.28  -4.10   3.21
200101   2.07   3.84   1.81   4.25   2.76   4.42   2.44   5.54   2.16  10.63
200102  -7.21  -1.61  -8.83  -1.39 -10.70  -0.73  -9.58  -1.60 -11.74 -11.51
200103  -2.96  -2.79  -4.00  -2.58  -4.14  -3.66  -4.03  -2.67  -5.48  -9.02
200104   6.70   7.87   7.38   5.92   8.10   6.81   7.72   7.44   7.82   9.71
200105  -1.70  -1.27  -2.40   0.61  -3.80   0.42  -2.58  -0.89  -3.01  -3.25
200106  -3.34  -3.69  -3.76  -1.99  -4.48  -2.62  -4.12  -1.48  -4.91  -4.34
200107  -3.44  -2.41  -4.17  -1.81  -4.21  -2.67  -3.87  -1.00  -4.15  -8.26
200108  -7.06  -4.49  -8.28  -4.36  -8.93  -3.12  -8.40  -3.07  -8.79  -9.90
200109  -8.64 -11.25  -7.05 -14.12  -7.04 -15.08  -6.57 -11.13  -8.80 -16.00
200110   4.50   5.59   5.00   6.59   4.59   6.40   4.67   4.98   5.67  17.95
200111   4.60   7.06   5.09   7.12   5.10   6.57   5.28   4.32   7.41   7.33
200112   2.18   1.98   1.13   3.63   0.92   2.96   1.14   1.19   1.52  -2.91
200201  -2.04  -2.87  -1.73   0.26  -3.95  -1.29  -3.57   0.24  -3.36  -2.36
200202   1.35   0.11   1.66   2.28   0.02   1.98   0.43   1.89  -0.34   1.59
200203   4.22   5.32   3.81   6.51   4.14   6.40   3.40   4.39   4.50   5.88
200204  -2.77  -3.33  -3.38  -0.66  -3.89  -2.23  -3.63  -0.76  -4.20  -6.33
200205  -1.43   0.60  -3.20  -0.65  -3.07   0.75  -3.58   1.16  -3.07  -0.70
200206  -7.13  -9.06  -6.23  -7.45  -7.92  -8.55  -7.59  -5.93  -7.99 -12.51
200207  -8.62  -6.58  -9.43  -8.25  -8.68  -7.56  -8.87  -8.14  -9.35 -13.35
200208  -0.26   0.16  -0.86   0.16  -1.16  -0.69  -1.11   1.38  -0.77  -3.17
200209  -8.85 -12.02  -7.12  -8.52  -9.27 -11.57  -8.52  -9.17 -10.02 -15.38
200210   4.29   5.78   4.67   0.77   7.45   3.98   6.85  -0.15   8.86   8.60
200211   4.07   7.85   2.66   6.56   4.83   7.00   4.14   5.17   6.55   9.40
200212  -5.51  -5.88  -5.99  -4.11  -7.63  -5.89  -6.83  -3.03  -7.22 -11.86
200301  -4.97  -3.24  -5.71  -2.16  -5.25  -0.52  -5.45  -2.26  -6.63  -1.60
200302  -1.94  -1.05  -1.94  -2.90  -1.67  -5.19  -2.04  -2.93  -2.47   1.71
200303  -1.51  -2.35  -1.02  -3.08  -1.22  -2.73  -1.12  -1.43  -1.14  -4.73
200304   6.53   9.22   5.92   9.28   7.03  10.72   7.09   8.56   6.83  10.67
200305   3.02   4.65   3.08   4.80   2.60   5.25   2.98   4.51   3.32   6.70
200306   2.61   2.94   2.49   3.65   2.51   4.14   1.39   2.44   1.95   6.94
200307   2.96   4.69   1.95   5.46   2.63   5.19   2.36   3.31   3.18   5.65
200308   3.79   5.25   3.49   5.57   3.97   6.21   3.70   4.14   3.50   7.73
200309  -1.68  -0.49  -1.26  -1.58  -1.28  -2.53  -0.91  -0.93  -1.65   2.09
200310   4.09   6.39   3.69   5.22   5.00   5.33   3.94   6.28   4.07   7.43
200311   0.62   0.57   0.95  -0.48   0.26  -1.19   0.63   0.65   0.55  -2.21
200312   3.91   4.03   3.40   3.05   3.45   3.12   2.43   3.18   2.97   3.87
200401   1.11   2.81   0.97   0.58   2.12   2.10   0.87   2.26   1.10   7.16
200402   2.87   3.18   2.22   4.15   2.36   3.89   2.51   3.94   2.14   4.49
200403   0.06   0.44  -0.41   1.23   0.39   0.90   0.21   0.11  -0.18   2.13
200404   1.41   2.66   1.06   1.62   0.79   1.21   0.84   1.22   0.24  -2.07
200405  -1.14  -1.34  -1.54  -0.93  -1.34  -1.30  -0.90  -0.19  -0.87  -1.96
200406   2.43   2.87   1.97   4.43   1.67   4.22   1.58   3.35   1.37   2.70
200407  -1.23  -0.21  -2.17  -0.35  -2.36  -0.72  -2.96   0.14  -2.51  -6.15
200408  -0.66   0.65  -0.63  -1.01  -1.61  -0.63  -0.96  -0.45  -0.71  -0.29
200409   1.50   2.32   0.86   1.54   1.77   0.93   1.20   0.98   1.86   1.11
200410   0.64   0.85   0.52   1.05   0.03   1.38   0.13   1.50   0.56   2.17
200411   2.32   3.58   1.92   2.77   3.02   2.27   2.36   2.78   2.50   3.28
200412   3.01   3.61   3.21   3.55   2.47   3.63   3.24   2.84   2.58   4.36
200501   1.31   2.13   0.52   2.46   1.20   2.35   0.53   2.06   0.93   4.22
200502   3.31   2.94   3.10   4.17   2.75   3.10   2.40   3.01   4.11   0.96
200503  -0.35  -0.10  -0.31  -0.07  -0.40  -0.22  -0.26  -0.06  -0.45  -1.09
200504  -2.85  -4.02  -1.79  -3.77  -2.58  -4.01  -1.55  -2.37  -3.68  -4.30
200505   3.94   4.13   3.55   4.48   4.19   4.13   3.93   3.79   4.04   5.24
200506   3.76   3.08   3.12   4.93   3.55   3.86   3.10   3.74   3.85   4.14
200507   4.19   4.97   3.05   3.89   4.55   4.02   3.48   3.67   4.76   3.87
200508   1.46   1.68   1.14   1.61   1.08   1.37   1.28   0.78   1.94   3.99
200509   5.55   4.84   5.23   5.44   4.84   5.37   5.55   5.15   4.85   4.79
200510  -2.66  -1.83  -2.58  -3.47  -2.19  -3.25  -2.06  -2.32  -3.01   1.49
200511   3.46   3.33   3.42   3.44   4.81   3.54   3.90   2.60   3.90   4.46
200512   4.38   4.10   4.56   3.75   5.40   4.69   5.35   3.59   5.29   6.36
200601   4.20   4.22   3.95   4.47   3.97   4.00   3.60   2.96   5.97   1.91
200602  -0.22   1.62  -0.98  -0.10  -0.07  -0.28  -0.43  -0.13  -0.91  -1.10
200603   3.98   4.62   4.63   4.15   3.99   3.84   4.22   2.83   5.56   6.25
200604   1.01   0.93   0.59   2.14   0.26   1.38   0.10   1.10   0.51  -1.39
200605  -5.42  -4.73  -5.30  -5.24  -6.60  -5.54  -6.11  -3.73  -6.72  -7.58
200606   0.93  -0.03   1.74   0.27   1.60   0.21   1.47   0.56   1.31  -2.15
200607   1.04   2.00   0.28   1.89   0.11   1.55  -0.20   1.72  -0.64  -3.33
200608   2.40   2.27   2.57   1.56   3.48   1.71   3.36   2.67   2.41   6.64
200609   1.06   3.06   0.18   1.91   1.18   2.10   0.84   2.34   0.82   1.73
200610   3.28   5.85   2.81   4.34   2.34   4.42   1.97   3.99   3.06   4.34
200611   0.92   1.10   0.90   0.66   0.58   1.02   1.05   0.79   0.52   2.45
200612   4.07   5.05   3.26   4.94   3.70   4.66   3.46   4.12   3.44   2.14
200701   1.67   3.00   1.37   1.61   1.70   2.04   1.33   1.47   1.26   3.19
200702   0.02  -0.17   0.16   0.61   0.29   0.74  -0.35   0.28   0.18  -0.71
200703   2.78   2.56   2.22   2.77   3.23   3.01   2.57   2.58   3.59   0.47
200704   2.65   2.46   2.83   2.47   3.10   2.82   2.48   2.80   2.69   2.47
200705   3.70   4.41   2.52   5.01   2.18   4.44   2.10   3.57   4.37   0.63
200706   0.67   1.09   0.63   1.52  -0.02   1.73  -1.12   0.52   1.24  -0.37
200707  -2.73  -3.42  -1.86  -2.71  -1.89  -2.87  -1.92  -3.57  -1.73  -1.24
200708  -0.84  -1.29  -0.25  -1.29  -0.52  -1.07  -0.23  -0.65  -2.10  -5.52
200709   2.68   1.20   3.08   3.15   1.79   3.55   2.35   1.80   4.04   3.06
200710   2.94   2.12   2.57   2.84   4.24   3.31   3.19   2.66   3.48   8.10
200711  -3.65  -6.26  -2.93  -4.34  -5.49  -4.85  -4.20  -3.33  -4.33  -8.56
200712  -0.58  -0.12  -1.27  -0.32  -1.44  -0.52  -0.83  -0.17  -1.14  -2.62
200801 -10.56 -10.06 -11.53 -10.45 -10.38 -10.25 -10.76  -9.61 -10.56 -10.92
200802   0.20  -1.39   0.90  -0.28   1.21  -0.15   1.21  -0.88   2.85   1.79
200803  -3.33  -1.84  -4.12  -3.16  -3.79  -3.09  -3.42  -2.57  -3.76  -3.63
200804   6.44   5.24   6.91   7.64   4.91   6.85   5.26   6.18   6.27   4.89
200805   2.22  -0.20   3.39   1.48   2.68   1.41   2.80   0.85   3.09   4.08
200806  -8.20  -9.92  -7.20 -10.06  -6.81  -8.93  -7.26  -9.11  -6.95  -8.03
200807  -2.57  -0.63  -3.24  -2.90  -2.17  -2.38  -2.40  -0.45  -4.37  -5.52
200808   0.53   1.54   0.32   0.69  -0.11   1.16  -0.56   1.64  -0.03  -0.81
200809 -12.13  -9.81 -14.15 -13.25 -13.32 -11.01 -13.26 -10.46 -14.49 -17.27
200810 -15.56 -17.47 -16.29 -18.59 -16.42 -14.53 -18.38 -15.83 -15.95 -22.29
200811  -4.80  -5.58  -2.66  -5.66  -3.61  -5.72  -3.44  -5.50  -5.27  -4.28
200812   1.08   0.23   1.74   0.72   2.14  -0.47   2.73   0.01   1.17   4.78
200901  -5.31  -6.71  -4.39  -6.23  -3.71  -6.70  -4.31  -7.18  -3.98  -1.32
200902  -7.05  -9.12  -7.25  -8.28  -6.72  -6.97  -6.16  -7.76  -6.39  -6.16
200903   3.97   7.40   2.25   7.67   0.87   6.24   1.76   6.34   3.30   3.76
200904  10.92  20.69   5.54  19.19   4.58  18.18   4.90  18.33   6.75  11.80
200905   6.71   8.87   5.19   9.47   4.30   8.52   5.50   7.98   6.52  10.15
200906   0.35   0.72   1.14  -0.48   1.05  -0.38   0.27   0.57   0.32   0.98
200907   6.82   9.22   4.46   9.03   4.40   9.23   4.50   9.53   5.01   2.25
200908   3.85   6.93   1.34   6.12   1.21   5.95   2.66   6.49   1.52   4.10
200909   2.67   3.15   2.62   2.88   2.48   3.04   2.54   2.74   2.97   2.30
200910  -2.23  -3.56  -2.13  -2.85  -2.40  -2.37  -1.85  -3.01  -1.95  -2.85
200911   0.23  -0.88   0.46  -0.21   0.23  -0.07   0.67  -0.30   1.50  -2.18
200912   5.26   5.52   5.11   5.77   3.97   5.64   4.44   5.77   4.13   4.38
201001  -3.01  -2.41  -2.99  -2.73  -2.43  -2.76  -2.27  -2.45  -3.35  -1.43
201002   0.89   0.65   1.28   0.47   0.82   0.59   1.47   1.18   0.77   0.34
201003   6.77   6.96   6.59   7.09   6.51   7.42   6.72   5.84   7.79   9.70
201004  -0.25   0.58  -0.74   0.36  -0.26  -0.33  -0.20   0.23  -0.41   0.23
201005  -6.35  -6.97  -5.61  -7.09  -6.09  -6.52  -5.53  -6.58  -5.86  -8.30
201006  -2.02  -2.63  -1.37  -3.46  -1.60  -2.80  -0.84  -2.18  -1.38  -3.96
201007   4.23   5.38   3.21   4.94   3.87   5.35   3.38   4.20   4.50   5.92
201008  -1.84  -2.99  -1.07  -1.95  -1.71  -1.85  -2.08  -0.80  -1.64  -3.72
201009   5.53   5.74   5.79   5.35   5.55   5.64   5.73   4.38   6.36   7.80
201010   2.02   1.85   2.26   2.27   2.11   2.20   1.88   2.50   1.48   3.82
201011  -0.47  -0.94   1.07  -0.52   0.30  -0.34  -0.03  -1.09   0.26   0.53
201012   4.98   5.75   4.24   6.25   4.03   5.49   4.89   4.50   5.42   7.43
201101   1.25   3.45  -0.85   3.14  -0.24   2.88  -0.94   2.08  -0.52   0.39
201102   2.15   2.18   2.13   2.15   1.84   1.72   1.70   2.31   2.29   2.79
201103  -1.87  -3.06  -0.54  -2.40  -1.25  -2.62  -0.71  -2.02  -1.10  -1.39
201104   1.66   0.99   2.48   1.32   2.13   1.34   2.33   1.58   1.77   1.19
201105  -0.98  -2.00  -0.08  -1.01  -1.59  -1.01  -0.92  -0.80  -1.10  -2.54
201106  -1.45  -1.72  -1.30  -1.76  -1.35  -1.38  -1.63  -1.17  -1.12  -3.53
201107  -2.67  -3.84  -1.18  -3.31  -1.99  -2.83  -1.53  -2.82  -1.91  -3.18
201108  -7.36  -9.15  -5.36  -7.26  -8.55  -7.69  -6.22  -5.44  -8.59  -8.06
201109  -4.75  -4.52  -5.42  -3.31  -8.02  -3.07  -7.23  -1.91  -8.24  -7.46
201110   5.50   5.22   5.60   4.36   7.85   4.82   6.98   4.00   7.66   3.49
201111  -2.45  -3.83  -1.52  -2.79  -2.84  -2.54  -2.73  -1.80  -2.31  -3.99
201112   0.39   0.38  -0.30   1.06  -1.82   1.06  -1.20   1.75  -1.48  -0.33
201201   4.38   7.08   2.98   7.13   3.58   6.24   3.78   3.81   5.80   8.19
201202   5.29   6.32   5.01   5.61   5.23   4.82   5.46   5.07   4.98   4.71
201203   0.55  -0.67   1.70  -0.29   1.19  -0.85   1.29   0.70   0.05   1.54
201204  -2.02  -4.23  -0.39  -3.29  -1.04  -3.41  -0.77  -2.91  -1.01  -1.87
201205  -7.13  -8.88  -5.94  -8.91  -6.00  -8.48  -5.80  -6.58  -7.57 -10.27
201206   4.31   5.47   3.46   5.00   3.54   4.63   3.51   5.67   3.09   3.52
201207   1.34  -0.09   1.91   0.60   1.48   0.32   2.02   0.75   1.53  -0.16
201208   1.74   2.38   1.62   2.01   1.63   1.57   1.62   1.90   2.18   0.40
201209   2.05   3.20   1.36   3.42   2.13   2.57   2.33   2.06   2.06   3.47
201210   1.11   1.80   0.75   2.12   0.38   1.72   0.46   0.86   0.97   1.63
201211   2.46   2.46   2.90   2.94   2.44   2.27   2.59   1.69   2.59   1.94
201212   3.28   4.87   2.18   4.45   2.19   4.38   1.61   3.00   2.76   3.73
201301   5.57   6.42   5.08   6.21   4.94   5.95   4.82   5.84   4.68   7.81
201302   2.08   0.21   3.14   0.47   3.31   0.16   2.79   1.39   3.15   0.51
201303   1.82   0.11   3.43   0.64   3.04   0.47   3.55   2.02   1.83   3.22
201304   3.63   4.10   3.46   4.26   3.07   3.61   2.93   4.90   2.47   8.01
201305   0.61   1.10   0.62   0.98   0.67   1.51   0.16  -0.16   1.73   3.92
201306  -3.51  -4.31  -3.19  -3.79  -3.39  -4.02  -3.23  -2.84  -4.08  -6.50
201307   3.98   5.05   3.14   4.95   3.55   5.04   3.33   3.72   4.28   4.70
201308  -0.85  -0.45  -0.64  -0.76  -0.44  -0.15  -0.78  -0.62  -0.77   1.34
201309   4.64   4.95   4.53   4.85   4.53   5.08   4.22   5.04   4.42   8.78
201310   3.15   3.51   2.39   3.60   2.55   3.36   2.21   3.62   2.46   1.75
201311   1.43   1.28   1.44   1.40   1.51   1.50   1.15   1.44   1.33   1.97
201312   1.67   1.80   2.02   1.66   2.31   1.96   1.89   1.55   1.99   2.33
201401  -2.67  -1.81  -3.29  -2.41  -2.27  -2.19  -2.38  -2.24  -3.71   0.20
201402   3.53   3.24   3.53   3.49   2.97   3.64   3.00   3.87   3.31   3.27
201403   0.30   0.44  -0.43   0.77  -0.92   0.93  -1.03   0.72  -0.19  -2.04
201404   0.65   1.22  -0.56   1.56  -0.17   1.50  -0.62   1.58  -0.14  -1.58
201405   2.37   2.09   2.64   2.17   2.10   1.99   2.54   2.94   1.94   1.07
201406   0.81   0.59   0.67   1.08   0.74   1.08   1.07   1.15   1.11   1.72
201407  -0.19  -0.24  -0.36   0.06  -0.22  -0.43   0.37  -0.37  -0.45  -1.50
201408   1.02   0.92   1.15   1.03   1.19   0.52   1.35   1.25   1.24   0.01
201409  -0.39  -0.94  -0.06  -1.04  -0.56  -1.32  -0.57  -0.52  -0.78  -2.10
201410  -0.33  -1.47   0.96  -0.74  -0.03  -1.40   0.53  -0.29   0.16  -2.90
201411   2.91   2.09   3.58   1.78   3.18   1.90   3.50   2.25   3.46   2.57
201412  -0.81  -0.79  -0.72  -1.38  -0.51  -0.93   0.14  -1.02  -0.37  -0.69
201501   3.01   1.34   4.31   2.04   3.00   2.42   4.01   2.77   3.57   1.62
201502   5.85   7.32   4.96   6.59   6.06   6.10   5.50   5.79   5.86   7.34
201503   1.44   0.92   2.49   0.89   2.20   0.66   2.51   0.60   1.73   2.25
201504   1.53   3.32   0.65   2.07   1.07   2.73   0.46   2.11   1.32   2.91
201505   1.59   1.65   1.82   1.39   1.58   1.03   2.09   0.66   2.85   1.73
201506  -3.78  -3.72  -3.88  -3.87  -3.81  -4.05  -3.47  -3.96  -3.49  -3.38
201507   2.99   1.52   4.01   1.75   3.48   1.49   4.13   2.79   3.44   1.34
201508  -6.85  -6.97  -6.63  -7.26  -6.46  -7.04  -6.45  -6.95  -6.52  -4.88
201509  -4.10  -5.93  -3.20  -5.10  -3.37  -5.72  -2.52  -4.48  -2.84  -3.60
201510   7.32   7.13   7.88   7.78   6.43   8.23   6.73   7.37   8.01   3.80
201511   1.43   0.43   2.35   0.97   1.58   0.63   1.91   0.98   2.07   0.94
201512  -2.28  -2.61  -1.96  -2.84  -2.12  -3.17  -1.65  -2.75  -1.80  -1.78
201601  -5.60  -8.33  -3.86  -7.00  -5.27  -6.38  -4.78  -5.38  -5.63 -10.10
201602  -3.08  -3.55  -2.22  -3.82  -2.04  -3.12  -2.34  -3.21  -1.50  -4.02
201603   3.65   4.27   2.83   4.41   2.66   4.17   3.18   4.26   3.25   4.74
201604   1.00   3.20  -0.53   1.96   0.42   2.40  -0.14   2.09   0.30   1.39
201605   2.20   0.70   3.20   1.20   3.41   0.90   3.57   1.39   3.04   2.18
201606  -3.96  -6.14  -2.25  -5.59  -3.89  -4.33  -2.87  -4.07  -3.71  -8.01
201607   4.67   5.35   3.87   5.69   5.03   4.89   4.50   4.18   4.93   4.81
201608   0.78   2.86  -1.13   3.00  -0.02   2.54  -0.79   2.37  -0.09   2.21
201609   0.68   0.30   1.06   0.20   1.09   0.62   1.13   0.49   1.23   0.11
201610   1.11   4.40  -0.92   3.47  -0.36   3.24  -1.25   3.03  -0.71   0.73
201611   1.25   3.40  -0.26   2.69   0.04   2.22  -0.60   2.54   0.15   2.32
201612   3.93   4.68   2.63   4.91   2.90   4.94   2.65   4.48   2.85   2.50
201701   0.50   0.48   0.63   0.36   0.65   0.21   0.79  -0.50   1.26   0.94
201702   2.22   1.35   2.61   1.45   2.37   1.47   2.62   1.53   2.44   1.93
201703   2.45   2.17   3.21   2.44   2.69   2.25   2.76   2.14   2.50   2.60
201704   2.05   1.64   2.42   2.02   2.23   1.54   2.71   1.13   2.94   1.49
201705   2.37   0.86   3.65   1.54   3.22   2.03   3.44   2.11   3.27   2.77
201706  -0.52   0.84  -1.57   0.65  -1.37   0.04  -1.03  -0.20  -0.78  -0.28
201707   0.47   1.51  -0.45   1.44   0.54   1.46   0.26   1.06   0.06   1.37
201708   0.14  -0.40   0.51  -0.07   0.52  -0.02   0.31  -0.55   0.87   1.18
201709   2.83   3.64   2.40   3.45   2.97   3.36   2.42   3.20   2.11   2.03
201710   2.99   2.51   3.23   2.60   3.84   2.87   3.57   2.04   3.98   3.17
201711  -0.34  -0.81   0.22  -0.64  -0.02  -0.68   0.22  -0.04  -0.13  -2.30
201712   0.84   1.53   0.53   1.22   0.90   0.99   0.83   0.73   1.12   0.95
201801   1.36   1.87   1.18   1.62   1.83   1.11   1.82   0.78   1.84   3.50
201802  -3.09  -3.28  -2.78  -2.66  -2.58  -2.87  -2.38  -3.19  -2.57  -0.80
201803  -1.53  -2.21  -0.74  -2.20  -0.77  -1.76  -0.43  -1.96  -0.92  -3.39
201804   3.86   4.79   2.83   3.95   3.90   4.93   3.31   4.26   3.46   1.69
201805  -0.03  -2.27   2.33  -2.53   2.45  -1.53   2.49  -1.95   2.41   1.86
201806  -0.47  -1.24  -0.14  -0.89  -0.20  -0.95  -0.10  -0.42  -0.39  -1.14
201807   2.15   2.70   2.15   3.06   0.70   2.87   1.21   3.20   1.19   1.34
201808  -1.18  -2.06   0.63  -1.62  -0.02  -2.06   0.59  -2.34   0.14  -0.78
201809   1.08   1.96  -0.26   1.44  -0.26   2.21  -0.29   1.76   0.12  -1.02
201810  -6.74  -5.99  -7.81  -5.84  -8.16  -5.75  -8.38  -4.86  -8.53  -8.87
201811   0.33  -0.60   1.02   0.10   0.13  -0.15   0.77   0.42  -0.33   0.68
201812  -5.98  -6.20  -6.49  -6.27  -6.32  -5.31  -6.33  -5.74  -5.97  -7.93
201901   5.76   6.36   5.25   7.09   5.15   6.55   4.68   5.78   5.15   7.23
201902   3.39   2.62   4.55   2.87   4.51   2.55   4.78   2.69   4.17   2.79
201903   1.25  -0.44   2.65  -0.35   2.48   0.08   2.96  -0.13   2.29   0.10
201904   3.37   3.77   3.55   4.05   3.38   3.59   3.55   3.86   3.49   3.66
201905  -4.40  -5.89  -2.82  -6.35  -3.06  -6.16  -2.43  -5.15  -3.46  -5.47
201906   3.82   3.09   4.29   3.70   3.81   3.88   3.79   3.63   3.88   2.38
201907   0.52  -0.55   1.02  -0.18   1.29  -0.22   1.23  -0.17   0.87   1.75
201908  -2.24  -4.28  -1.07  -3.70  -0.99  -3.20  -0.65  -3.08  -1.58  -3.28
201909   3.27   5.56   1.76   4.99   1.68   4.37   1.46   5.14   1.65   1.18
201910   1.77   1.93   2.41   2.70   1.92   2.05   1.99   2.05   2.05   0.94
201911   2.34   1.75   3.24   2.31   2.80   2.39   2.94   1.57   3.15   3.77
201912   1.48   2.08   1.08   2.05   1.35   1.66   1.18   1.63   1.41   2.28
202001  -1.31  -3.73  -0.02  -3.20  -0.42  -3.50  -0.38  -2.65  -0.45  -1.85
202002  -7.91  -8.50  -7.67  -8.28  -7.43  -8.21  -7.29  -8.75  -7.17  -6.57
202003 -12.95 -19.70  -7.66 -17.49  -9.74 -17.76  -9.10 -17.61 -10.12 -17.08
202004   6.26   4.75   7.75   4.78   8.18   5.21   7.91   4.57   7.75  13.93
202005   4.23   2.22   6.30   2.85   6.98   3.00   7.04   2.05   6.45   9.48
202006   2.28   2.74   1.81   2.98   1.84   3.00   1.76   2.74   2.24   4.55
202007  -1.24  -3.84   0.24  -3.33   0.42  -2.69   0.45  -3.25   0.87   0.69
202008   4.45   5.96   3.93   5.78   4.59   5.46   4.38   5.22   4.54   5.71
202009  -0.59  -3.26   1.14  -2.85   0.82  -2.67   1.13  -3.29   1.26   1.67
202010  -3.30  -2.48  -3.79  -2.39  -3.97  -2.23  -4.03  -2.76  -3.12  -1.76
202011  12.50  17.14  10.11  16.86  10.38  16.33  10.36  16.12  11.30  10.55
202012   2.81   2.79   2.28   3.51   2.98   3.86   2.79   2.81   3.21   4.09
202101  -0.40   0.14  -0.54  -0.52  -0.37   0.00  -0.82   0.19  -0.97   0.56
202102   2.75   7.66   0.17   6.92   0.20   6.90   0.08   5.70   1.18   1.62
202103   5.61   7.33   3.48   7.70   3.50   7.53   3.27   6.41   3.90   1.29
202104   1.52   0.13   2.46   0.47   3.13   0.11   2.98   0.30   3.12   2.04
202105   2.46   3.37   1.89   3.82   1.99   3.63   1.74   3.06   2.35  -1.17
202106   1.32  -0.34   2.83  -0.14   2.41   0.11   2.52   0.44   1.76   3.96
202107   0.56  -0.71   1.61  -0.29   1.51  -0.67   1.98  -0.08   1.77  -1.34
202108   2.15   2.06   3.30   1.08   3.63   1.44   3.76   1.52   2.98   3.57
202109  -1.39   1.22  -2.78   0.51  -2.46   1.23  -2.97   0.48  -2.48  -3.58
202110   2.51   2.33   3.00   2.71   2.94   2.25   2.99   1.91   3.61   0.84
202111  -2.33  -4.33  -0.82  -3.91  -0.95  -3.50  -1.10  -3.14  -1.16  -3.94
202112   4.17   4.95   2.54   4.96   3.07   4.70   2.72   5.17   2.74  -0.67
202201  -4.58   1.51 -11.57   1.90 -11.35   1.66 -11.94   1.61 -10.78 -14.79
202202  -2.51  -1.98  -3.84  -2.29  -3.42  -1.51  -3.67  -1.74  -3.26  -3.68
202203   2.22   1.76   2.62   2.15   2.62   2.42   2.81   2.13   2.66   2.50
202204  -1.90  -1.29  -4.24  -0.71  -4.39  -0.09  -4.76   0.39  -4.50  -6.18
202205  -0.61   1.33  -1.89   1.38  -1.95   1.51  -2.26   0.97  -1.94  -1.30
202206  -5.91  -6.79  -6.11  -5.97  -6.79  -6.39  -5.89  -5.58  -6.39  -9.35
202207   5.69   2.96   9.99   1.81   9.42   1.99  10.01   2.61   9.95   7.95
202208  -2.64  -0.82  -4.16  -1.74  -3.24  -1.44  -3.60  -1.69  -3.94  -2.38
202209  -6.39  -6.11  -7.71  -5.87  -7.87  -6.33  -7.18  -5.36  -8.08  -9.45
202210   4.47   5.05   4.13   4.70   4.42   5.11   4.27   4.75   3.98   4.95
202211   6.30   5.60   7.24   6.00   6.86   5.78   6.68   5.02   7.19   6.68
202212  -2.96  -0.96  -4.69  -0.58  -5.08  -0.81  -4.61  -1.03  -4.50  -5.70
202301   6.09   7.60   5.72   7.47   5.98   6.32   6.09   5.99   6.01   7.77
202302   0.46   2.27  -0.40   1.30  -0.19   1.57  -0.33   1.57   0.23   0.82
202303   0.48  -4.13   3.29  -2.21   2.77  -1.17   3.08  -2.11   2.38  -0.48
202304   2.18   2.88   1.60   1.86   1.95   2.09   1.82   2.59   1.16  -0.25
202305  -1.96  -1.96  -0.80  -2.37  -1.01  -2.99  -0.29  -2.72  -1.05   0.97
202306   3.66   4.80   2.47   5.81   2.05   5.17   2.23   4.19   2.31   4.58
202307   1.77   3.71   0.77   3.51   0.20   3.16   0.17   3.22   0.83   2.87
202308  -1.78  -1.04  -2.56  -1.60  -2.88  -0.63  -2.71  -1.15  -2.18  -5.27
202309  -1.42   0.80  -4.12   0.56  -3.83   1.10  -3.98   0.63  -4.13  -3.42
202310  -3.35  -4.22  -3.55  -4.18  -3.73  -3.63  -3.34  -2.94  -3.48  -8.13
202311   5.66   4.97   7.06   5.40   5.93   4.78   7.32   5.00   6.79   9.31
202312   2.99   2.92   3.77   3.16   3.62   2.53   3.41   3.07   3.77   3.65
202401   2.05   1.47   2.24   1.74   1.78   1.76   2.13   1.90   2.37  -1.55
202402   3.08   1.66   5.18   1.49   4.99   1.05   5.47   0.77   3.74   7.30
202403   3.84   5.98   2.05   5.35   3.15   5.07   2.43   5.09   3.09   1.76
202404  -1.04   0.72  -2.67   0.81  -2.58   0.80  -3.01   0.85  -2.52  -4.19
202405   2.44   3.63   2.18   2.57   3.10   2.29   2.51   3.06   2.56   5.16
202406  -0.91  -2.63   0.61  -2.44   0.52  -2.76   0.70  -2.05   0.27  -0.01
202407   1.30   2.54   0.36   1.87   0.79   1.95   0.32   2.84   1.09   0.17
202408   0.29  -1.68   1.24  -1.43   1.51  -0.93   1.34  -0.53   1.43  -0.86
202409   0.28   0.62  -0.07   0.98   0.11   0.54   0.31   0.70   0.37   0.23
202410  -1.45  -0.06  -2.72  -0.49  -1.70  -0.84  -2.27  -0.52  -2.12  -1.62
202411   0.58   0.98   0.47   0.58   0.64   0.25   0.59   0.18   0.58   0.80
202412   0.66   0.84   0.41   1.16   0.21   1.02   0.14   0.60   0.38   0.58
202501   4.24   4.43   4.88   3.70   5.35   3.46   5.28   3.56   4.92   5.98
202502   0.41   2.75  -1.86   2.63  -2.03   2.43  -2.00   2.96  -1.30  -3.11
202503  -2.30  -0.09  -5.18  -0.45  -4.45  -0.49  -5.06   0.57  -4.28  -5.16
202504   0.16  -1.36   1.46  -1.27   1.86  -1.55   2.01  -0.30   1.21   0.21
202505   4.79   5.40   5.42   5.04   5.06   4.86   5.16   4.33   5.38   7.37
202506   0.79   1.65   0.76   0.53   1.72   0.42   1.34   0.51   1.32   2.78
202507   1.70   4.45   0.31   4.03   0.39   3.71  -0.22   3.07   0.91   1.44
202508   2.41   3.72   0.38   3.58   0.71   3.54   0.04   3.60   0.30   2.74
202509   1.83   2.23   1.40   1.83   1.72   1.55   0.87   1.55   1.75   1.08
202510   3.07   1.78   3.78   2.42   4.56   2.45   3.67   1.63   3.60   2.66
202511   0.97   3.93  -1.66   3.64  -2.29   3.76  -2.09   3.78  -1.87  -3.69
202512   1.82   3.84  -0.27   3.61  -0.12   2.97  -0.31   3.07   1.02  -2.11

     Value-Weight Dollar Returns      All 4 Data Items Not Reqd
              -- BE/ME --   --- E/P ---   --- CE/P --   ------  Yld  -----
        Mkt   High    Low   High    Low   High    Low   High    Low   Zero
1975  35.95  38.36  29.16  44.39  29.02  39.54  34.41  33.13  32.38   6.90
1976   4.01   3.59   0.10  11.13   0.32   9.47   0.54   3.67   4.01  11.06
1977  18.25  26.96  11.11  24.02  13.14  27.49  13.17  33.04   8.98  24.71
1978  32.67  40.72  29.68  37.23  30.37  40.06  28.26  36.99  33.09  48.47
1979   9.46   9.30   9.04   8.05   9.53   2.28   6.19   5.20   9.36  30.15
1980  22.92  17.71  24.84  24.58  25.91  20.65  24.31  19.22  24.72   9.72
1981  -1.77   7.83  -7.19   3.81  -2.12   3.69  -6.31   2.91  -1.98 -10.93
1982  -2.64  -2.38  -1.67  -2.53  -3.45  -3.52  -1.99  -5.76   1.18 -12.87
1983  23.34  30.27  19.17  25.40  20.25  30.76  17.54  25.94  21.10  37.82
1984   6.17   6.62  -0.30   9.14  -0.91   3.66  -1.61  11.24  -5.90  -9.66
1985  52.32  51.09  52.70  48.38  50.79  54.58  41.71  56.45  46.80  84.36
1986  66.29  61.08  69.61  60.96  60.78  71.35  65.90  78.35  61.22  53.80
1987  25.83  34.09  23.03  27.14  23.29  22.41  17.03  31.69  21.73  43.58
1988  24.48  37.56  16.16  34.38  14.58  36.39   1.91  42.38  12.22  62.29
1989  11.06  17.86   7.40  13.89   9.26   8.51  13.33  13.41   6.26  22.27
1990 -21.82 -21.33 -23.80 -21.43 -23.50 -20.38 -22.85 -21.64 -22.03 -29.64
1991  12.09  10.31  11.21  11.12   9.08   9.94  11.68  12.11  12.23  13.63
1992 -12.87 -10.26 -13.16  -9.04 -15.63 -10.03 -13.17 -11.40 -14.07 -19.29
1993  30.63  45.48  22.80  38.35  26.58  42.99  20.50  38.93  24.71  26.88
1994   9.06  15.62   6.42   7.37   8.80  15.18  11.04   9.98   6.67  19.20
1995  10.86  10.35  13.04  16.09  11.75   9.40  10.56   9.90  12.97  -3.74
1996   7.53  10.43   5.34  12.96   2.82  11.11   6.77   8.08   4.46  -5.61
1997   3.56   2.65   4.42   7.52  -0.40   5.37   4.88   5.89   3.71  -7.14
1998  19.77  19.65  22.92  12.91  24.30  23.18  25.57  20.37  23.86  39.92
1999  31.57  31.50  30.14  26.59  34.83  39.89  34.31  17.58  33.71  56.98
2000 -13.48   1.92 -20.69   3.54 -21.56   3.15 -23.91   6.09 -22.32 -19.89
2001 -20.97 -14.42 -23.63  -6.72 -26.83 -10.72 -25.75  -7.97 -26.66 -35.68
2002 -13.37 -14.72 -14.00  -4.44 -19.10  -5.78 -18.50  -5.96 -17.12 -27.25
2003  40.43  68.83  33.87  45.92  36.49  45.73  34.48  48.73  34.60  68.15
2004  20.89  29.77  16.12  25.50  16.35  26.59  14.20  27.32  16.40  22.67
2005  14.09  14.46  12.72  14.59  15.31  13.82  13.85  12.39  15.88  21.81
2006  25.99  31.84  22.85  29.09  23.88  28.41  22.49  29.95  23.32  24.88
2007  12.29   7.93  17.06  10.36  14.29  20.83  13.28   9.56  18.72   6.81
2008 -42.66 -44.78 -42.95 -46.04 -42.57 -42.67 -42.73 -41.57 -43.12 -51.33
2009  33.71  52.66  20.27  54.08  15.90  51.85  21.15  50.25  24.77  40.58
2010  11.92  13.95  13.87  11.84  13.27  13.93  15.32  11.69  14.48  17.69
2011 -12.60 -17.15  -9.16  -9.98 -15.44 -10.89 -15.07  -5.78 -16.01 -24.91
2012  17.38  20.10  16.83  21.79  17.17  14.88  18.42  17.07  18.13  15.45
2013  22.58  22.84  23.15  22.19  23.77  22.17  21.33  25.13  20.62  31.14
2014  -3.96  -5.18  -3.92  -4.40  -5.24  -5.07  -4.06  -1.68  -5.03  -9.44
2015  -0.51  -4.24   4.50  -4.52   1.35  -4.10   4.22  -3.55   5.54  -2.16
2016   3.07   7.86  -1.27   7.17  -0.33   8.23  -1.19   8.78   0.94  -3.33
2017  26.77  26.74  27.20  27.20  30.70  25.68  29.51  22.84  31.07  26.04
2018 -13.74 -15.78 -11.90 -14.55 -12.49 -12.38 -11.41 -12.59 -13.28 -21.58
2019  21.98  17.09  29.11  20.78  27.57  18.57  28.44  19.29  25.34  17.81
2020  10.41  -3.26  23.01   1.44  19.80   1.81  20.72  -1.65  22.62  38.07
2021  12.48  18.84   9.58  18.69  13.33  18.60  10.00  16.62  13.01  -3.34
2022 -15.66  -5.85 -27.28  -8.26 -26.35  -6.22 -25.42  -3.79 -23.38 -35.62
2023  15.83  20.27  13.31  21.51  12.34  19.88  13.88  18.31  13.90   8.26
2024   3.89   7.07   1.71   4.75   4.81   2.63   3.20   5.87   4.15  -0.48
2025  32.17  48.38  21.03  45.09  19.78  42.88  18.47  43.26  22.78  38.05

     Value-Weight Local  Returns      All 4 Data Items Not Reqd
              -- BE/ME --   --- E/P ---   --- CE/P --   ------  Yld  -----
        Mkt   High    Low   High    Low   High    Low   High    Low   Zero
1975  45.15  47.52  37.89  54.04  37.82  49.39  43.23  42.20  41.20  12.10
1976   5.31   4.61   1.36  12.29   1.92  10.89   2.21   4.62   5.68  10.64
1977   6.68  14.10   0.54  12.32   1.62  14.60   2.04  19.97  -1.28  12.14
1978  17.06  24.21  14.31  21.14  14.96  23.72  13.22  20.78  17.31  31.93
1979  13.94  14.28  13.77  12.61  13.66   6.67  10.09   9.48  13.69  35.28
1980  19.29  13.70  21.60  20.99  22.02  15.77  20.29  15.39  21.16   6.11
1981  10.22  21.04   4.26  16.08  10.05  15.86   5.34  15.30   9.94   1.63
1982   7.29   7.24   8.53   7.13   6.64   6.19   8.32   3.74  11.47  -4.04
1983  30.79  38.69  26.19  33.19  27.48  39.02  24.25  33.71  28.36  46.61
1984  19.17  19.78  12.11  22.53  11.46  16.60  10.80  24.77   6.01   0.52
1985  26.88  26.06  27.02  24.05  25.33  29.10  18.06  30.31  22.25  51.73
1986  39.93  36.14  42.29  36.15  35.17  44.56  39.42  49.79  35.88  25.98
1987  -0.77   5.67  -3.03   0.22  -2.64  -3.18  -7.53   3.86  -3.96  13.27
1988  29.85  43.48  21.21  40.19  19.55  42.37   6.39  48.26  17.19  69.08
1989  21.60  29.21  17.45  24.92  19.43  18.34  24.15  24.39  16.06  34.53
1990 -28.66 -28.18 -30.50 -28.21 -30.29 -27.28 -29.70 -28.49 -28.89 -36.33
1991   9.04   7.24   8.37   8.12   6.27   7.09   8.85   9.03   9.31  10.14
1992  -5.84  -3.22  -6.05  -1.85  -8.83  -2.93  -6.22  -4.56  -7.18 -11.92
1993  29.01  44.24  21.15  37.24  24.98  41.42  19.01  37.56  23.03  26.54
1994  -0.62   5.28  -3.02  -2.16  -0.93   4.95   1.20   0.18  -2.81   8.43
1995   9.82   9.43  11.81  15.06  10.57   8.54   9.33   8.94  11.82  -4.49
1996  12.22  15.61   9.83  18.07   7.11  16.26  11.56  12.86   8.87  -1.22
1997  15.42  14.61  16.25  19.85  11.13  17.44  16.91  17.92  15.76   3.79
1998  12.70  12.13  15.91   6.04  17.00  15.64  18.14  12.99  16.76  32.32
1999  37.68  37.87  35.87  32.19  41.36  45.82  40.43  24.83  38.09  68.09
2000  -6.55  10.38 -14.42  12.14 -15.44  11.79 -17.98  14.85 -16.14 -13.10
2001 -15.76  -8.56 -18.67  -0.71 -22.02  -4.97 -20.86  -1.81 -21.81 -30.94
2002 -23.33 -24.63 -23.96 -15.28 -28.45 -16.49 -28.00 -16.74 -26.63 -35.50
2003  21.71  46.69  16.00  26.57  18.42  26.41  16.63  28.89  16.75  46.18
2004  13.25  21.65   8.75  17.56   9.03  18.53   7.01  19.26   9.06  14.98
2005  28.18  28.78  26.64  28.68  29.66  27.59  28.05  26.28  29.94  37.18
2006  16.79  22.00  13.79  19.87  14.71  19.26  13.39  20.65  14.13  14.99
2007   4.24   0.23   8.55   2.49   5.93  12.31   5.05   1.74  10.41  -1.08
2008 -39.70 -42.10 -40.01 -43.21 -39.57 -39.71 -39.82 -38.66 -40.12 -48.98
2009  27.53  45.85  14.56  47.11  10.38  44.95  15.44  43.44  19.02  33.95
2010   9.40  11.30  11.40   9.34  10.79  11.28  12.78   9.08  12.08  15.09
2011 -12.24 -16.91  -8.72  -9.63 -15.09 -10.55 -14.68  -5.44 -15.63 -24.66
2012  17.43  20.14  16.87  21.74  17.31  14.88  18.55  17.06  18.14  15.65
2013  27.33  27.48  28.05  26.86  28.62  26.84  26.14  29.90  25.38  36.32
2014   6.73   5.38   6.80   6.20   5.33   5.47   6.63   9.23   5.54   0.70
2015   6.72   2.69  12.19   2.44   8.66   2.89  11.80   3.39  13.28   5.00
2016   6.56  11.71   2.00  10.99   2.78  12.14   2.01  12.59   4.22  -0.16
2017  16.93  16.89  17.35  17.31  20.57  15.94  19.51  13.31  20.92  16.18
2018 -10.93 -13.06  -9.01 -11.78  -9.61  -9.51  -8.51  -9.76 -10.42 -19.04
2019  21.64  16.78  28.78  20.42  27.21  18.25  28.10  18.98  25.01  17.35
2020   3.72  -9.20  15.66  -4.71  12.61  -4.34  13.50  -7.60  15.24  29.61
2021  19.28  26.02  16.23  25.85  20.14  25.77  16.63  23.71  19.77   2.47
2022  -8.60   1.97 -21.13  -0.63 -20.13   1.60 -19.14   4.20 -16.93 -30.18
2023  14.66  19.11  12.15  20.34  11.17  18.73  12.68  17.15  12.71   7.21
2024  11.63  15.03   9.25  12.50  12.61  10.24  10.89  13.72  11.91   6.91
2025  21.87  36.76  11.64  33.74  10.49  31.69   9.27  32.03  13.22  27.29

     Value-Weight Dollar Returns      All 4 Data Items Required
              -- BE/ME --   --- E/P ---   --- CE/P --   ------  Yld  -----
        Mkt   High    Low   High    Low   High    Low   High    Low   Zero
1975  39.05  40.58  33.54  44.50  29.11  39.34  35.04  34.14  38.26 -10.82
1976   4.76   4.08  -1.55  12.66  -0.64   8.54  -0.31   5.47   5.03   6.98
1977  17.90  30.45   9.39  23.82  11.95  28.27  14.25  32.93   7.41  32.67
1978  33.13  39.98  31.10  35.83  29.84  39.16  27.66  35.86  32.61  44.85
1979   8.18   6.02   8.35   5.96   8.48   1.57   3.81   3.40   8.96  -6.07
1980  22.88  16.53  25.72  24.83  23.40  20.69  25.24  16.70  26.44   3.05
1981  -1.13  11.85  -7.08   2.98  -4.16   5.03  -6.24   2.98  -1.44   3.72
1982  -1.44  -1.38  -1.68  -2.26  -2.32  -3.85  -1.65  -6.94   5.50 -28.92
1983  24.66  31.65  19.82  30.77  21.20  30.89  17.39  29.02  23.27  33.49
1984  -1.07   4.00  -4.38   6.14  -1.96   2.90  -0.49   5.87  -7.13  -2.46
1985  47.20  53.79  42.57  43.56  44.41  54.87  41.64  60.06  39.87  73.93
1986  64.42  60.95  69.79  53.34  72.76  71.16  64.22  87.00  60.47  60.76
1987  18.26  33.68   9.91  22.37  21.29  22.53  16.40  22.99  14.72  51.82
1988  15.45  34.12   3.78  32.66   2.41  38.23   1.97  37.16  -0.67  20.77
1989   7.60  12.71   2.78  10.38   3.89   8.85  13.05  15.09   2.19  35.86
1990 -20.12 -18.48 -21.13 -20.07 -21.11 -20.50 -22.64 -19.34 -20.12 -40.25
1991  11.10  11.37   9.94  10.09   9.43  10.32  11.70  13.58   9.40   8.45
1992 -10.88  -8.17 -12.84  -7.28 -13.67 -10.26 -13.18 -11.32 -12.08 -28.20
1993  29.55  39.71  22.11  36.90  29.06  42.19  19.73  35.22  23.34  27.72
1994  11.35  17.23   9.06   9.61  14.73  14.07  10.08  10.88  12.42  -3.05
1995  11.62  10.31  13.37  13.44  10.87   9.65  11.93  10.63  11.75 -10.05
1996  11.97  14.69  11.14  11.46   8.94  11.14   7.74   8.82  12.05  -3.24
1997   3.58  -0.03   7.51   3.20   2.18   4.59   7.08  -2.88   9.18 -18.27
1998  19.54  17.14  25.72   9.71  24.57  21.47  25.94  16.35  26.46   6.61
1999  34.83  25.90  35.96  36.36  41.93  40.93  34.15  19.85  38.45  48.90
2000 -17.24   2.60 -24.61   0.57 -24.42   2.10 -23.11   4.64 -25.33 -11.37
2001 -20.06  -9.81 -23.38  -6.60 -26.36  -9.07 -23.19  -6.75 -26.92 -28.65
2002 -11.23  -9.10 -13.22  -1.68 -17.55  -6.14 -16.98  -1.56 -15.61 -26.98
2003  36.14  52.42  33.15  48.30  36.81  47.36  32.97  45.81  32.24  70.43
2004  20.38  31.45  15.31  28.24  16.38  27.32  15.25  28.09  15.28  24.27
2005  13.27  13.38  10.91  14.89  15.18  13.37  13.39  11.39  14.67  23.04
2006  27.15  38.72  23.98  32.03  24.03  29.81  22.75  29.80  25.15  20.26
2007  17.69  13.21  17.59  19.88  15.55  21.14  13.35  16.17  20.78   7.78
2008 -42.25 -43.97 -42.13 -46.81 -41.74 -42.34 -42.98 -41.44 -43.32 -49.33
2009  33.74  53.15  19.87  53.56  15.37  51.51  20.71  50.03  26.15  35.42
2010  11.92  12.34  14.41  12.25  12.68  13.64  14.97  11.28  15.61  20.02
2011 -11.02 -15.81  -7.10 -10.27 -15.97  -9.84 -12.53  -4.86 -14.99 -21.28
2012  17.94  20.08  18.39  21.55  17.34  15.79  18.96  16.46  18.06  16.67
2013  21.98  21.37  23.36  22.22  23.72  22.22  20.54  24.03  21.01  38.28
2014  -3.52  -5.24  -3.66  -4.27  -5.14  -5.32  -2.86  -1.43  -5.10 -12.03
2015   0.37  -3.44   5.01  -3.45   1.97  -4.56   5.68  -2.78   6.54   0.82
2016   2.78   6.68  -1.15   6.86   0.42   8.07  -1.34   8.37   0.45  -5.37
2017  26.94  26.10  28.56  27.54  30.07  26.35  30.54  22.85  31.45  26.85
2018 -12.96 -14.99 -11.18 -14.37 -12.29 -12.14 -10.88 -12.76 -12.51 -17.17
2019  22.10  16.63  29.08  20.36  27.18  18.51  28.65  18.93  25.52  18.40
2020   9.42  -4.04  20.70   1.52  20.60   2.13  21.17  -2.38  23.20  29.23
2021  13.33  18.44  11.38  17.92  13.03  18.46  11.40  16.55  13.27  -3.06
2022 -16.51  -8.25 -26.56  -7.72 -26.92  -6.74 -26.46  -6.39 -26.02 -34.45
2023  16.42  20.56  14.48  20.69  11.87  20.41  14.74  19.33  13.86  12.66
2024   3.68   6.62   1.73   4.78   5.05   2.71   3.09   5.53   3.76  -0.06
2025  31.68  49.37  18.37  44.41  21.97  41.42  17.50  43.20  22.69  18.98

     Value-Weight Local  Returns      All 4 Data Items Required
              -- BE/ME --   --- E/P ---   --- CE/P --   ------  Yld  -----
        Mkt   High    Low   High    Low   High    Low   High    Low   Zero
1975  48.47  49.98  42.43  54.25  37.91  49.18  43.86  43.44  47.40  -7.44
1976   6.19   5.30  -0.03  13.86   1.30   9.92   1.43   6.51   6.98   5.24
1977   6.41  17.18  -0.99  11.95   0.38  15.19   3.05  19.77  -2.74  16.36
1978  17.39  23.50  15.46  19.88  14.50  22.94  12.72  19.71  16.83  25.40
1979  12.48  10.84  13.33  10.62  12.68   5.93   7.59   7.65  13.22   2.36
1980  18.98  12.35  22.15  20.76  19.48  15.81  21.22  12.47  21.90   0.45
1981  10.81  25.42   4.28  14.86   7.76  17.43   5.41  15.45  10.47  14.82
1982   8.67   8.52   8.69   7.47   7.92   5.83   8.72   2.39  16.21 -19.68
1983  31.97  39.77  26.33  38.86  27.92  38.94  24.01  36.88  30.39  51.12
1984  11.40  17.06   7.75  19.42  10.37  15.81  12.02  19.01   4.74  10.03
1985  22.76  28.18  18.76  20.30  20.17  29.27  17.93  33.11  16.60  46.24
1986  38.41  36.06  42.31  30.09  44.56  44.34  38.06  56.65  35.14  31.57
1987  -6.50   5.52 -12.97  -3.36  -4.04  -3.06  -8.06  -2.70  -9.29  18.65
1988  20.55  40.04   8.37  38.53   6.92  44.26   6.43  43.05   3.85  27.56
1989  17.60  23.28  12.16  20.94  13.07  18.76  23.81  26.29  11.33  33.02
1990 -27.06 -25.53 -27.97 -26.89 -28.04 -27.38 -29.51 -26.40 -27.07 -45.39
1991   8.21   8.45   7.26   7.14   6.63   7.47   8.87  10.36   6.79   4.69
1992  -3.79  -0.99  -5.78   0.10  -6.84  -3.25  -6.25  -4.49  -5.15 -17.47
1993  27.80  37.99  20.41  35.37  27.11  40.60  18.14  33.66  21.74  27.80
1994   1.47   6.83  -0.66  -0.07   4.50   3.93   0.30   1.04   2.39 -11.19
1995  10.52   9.60  12.04  12.59   9.63   8.76  10.65   9.66  10.45 -10.85
1996  17.25  20.37  16.34  16.68  13.90  16.28  12.57  13.85  17.36   1.62
1997  15.39  11.45  19.69  14.89  13.97  16.59  19.39   7.93  21.82  -8.62
1998  12.43   9.74  18.51   2.95  17.26  14.04  18.48   8.78  19.16   0.26
1999  41.42  32.82  41.63  42.20  48.82  47.04  40.03  27.88  43.56  61.47
2000 -10.66  11.26 -18.70   8.96 -18.56  10.64 -17.12  13.40 -19.45  -4.00
2001 -14.78  -3.60 -18.40  -0.55 -21.55  -3.04 -18.20  -0.58 -22.06 -23.92
2002 -21.50 -19.62 -23.26 -12.76 -27.15 -16.77 -26.70 -12.76 -25.37 -35.16
2003  17.99  32.21  15.39  28.78  18.67  27.95  15.29  26.39  14.72  48.57
2004  12.78  23.17   8.01  20.13   9.04  19.22   7.99  19.99   8.00  16.45
2005  27.21  27.50  24.52  28.89  29.52  27.05  27.50  25.19  28.45  38.63
2006  17.95  28.22  14.94  22.65  14.87  20.55  13.72  20.41  15.88  10.72
2007   9.28   5.14   9.00  11.42   7.12  12.62   5.13   7.92  12.26  -0.46
2008 -39.49 -41.46 -39.34 -44.26 -38.93 -39.59 -40.34 -38.77 -40.57 -46.99
2009  27.69  46.43  14.30  46.76   9.97  44.78  15.12  43.37  20.49  29.08
2010  10.06  10.39  12.63  10.39  10.86  11.69  13.13   9.38  13.81  18.05
2011 -10.67 -15.57  -6.66  -9.94 -15.63  -9.49 -12.13  -4.53 -14.61 -21.03
2012  18.08  20.18  18.54  21.59  17.57  15.89  19.16  16.53  18.17  16.88
2013  26.69  25.95  28.24  26.88  28.54  26.88  25.28  28.73  25.78  43.86
2014   7.26   5.34   7.12   6.39   5.50   5.25   8.00   9.56   5.51  -2.16
2015   7.42   3.32  12.48   3.36   9.13   2.17  13.11   3.99  14.09   7.91
2016   6.23  10.45   2.10  10.63   3.54  11.94   1.82  12.16   3.69  -2.41
2017  17.13  16.33  18.66  17.66  20.04  16.59  20.49  13.35  21.34  16.92
2018 -10.26 -12.38  -8.40 -11.73  -9.54  -9.40  -8.10 -10.07  -9.75 -14.61
2019  21.82  16.37  28.84  20.05  26.88  18.24  28.37  18.68  25.25  18.07
2020   2.78  -9.94  13.48  -4.65  13.34  -4.07  13.90  -8.30  15.75  21.30
2021  20.34  25.77  18.28  25.21  20.00  25.80  18.27  23.80  20.22   2.88
2022  -9.46  -0.57 -20.29   0.02 -20.68   1.10 -20.19   1.44 -19.71 -28.86
2023  15.26  19.41  13.32  19.54  10.72  19.27  13.56  18.18  12.68  11.59
2024  11.53  14.69   9.42  12.67  13.00  10.46  10.89  13.48  11.61   7.52
2025  21.56  37.81   9.30  33.28  12.65  30.50   8.52  32.14  13.28   9.81

      Value-Weight Ratios      All 4 Data Items Not Required
               -- BE/ME --   --- E/P ---   --- CE/P --   --- Yld ---
         Mkt   High    Low   High    Low   High    Low   High    Low
  1975   1.05   1.88   0.57   0.23   0.07   0.51   0.14   8.70   3.36
  1976   0.79   1.49   0.43   0.13   0.05   0.38   0.10   6.89   2.34
  1977   0.83   1.55   0.49   0.14   0.05   0.35   0.11   7.16   2.20
  1978   0.85   1.63   0.46   0.15   0.05   0.38   0.11   6.64   2.31
  1979   0.80   1.40   0.43   0.14   0.05   0.35   0.10   6.25   2.29
  1980   0.82   1.57   0.46   0.16   0.06   0.37   0.12   7.07   2.52
  1981   0.78   1.69   0.42   0.18   0.05   0.39   0.11   7.05   2.36
  1982   0.77   1.59   0.40   0.15   0.05   0.36   0.09   6.64   2.08
  1983   0.81   1.76   0.42   0.14   0.04   0.38   0.09   6.62   1.94
  1984   0.66   1.24   0.34   0.11   0.03   0.28   0.07   5.10   1.56
  1985   0.61   1.09   0.31   0.11   0.03   0.27   0.07   4.73   1.45
  1986   0.53   0.97   0.27   0.10   0.03   0.25   0.06   4.25   1.27
  1987   0.39   0.79   0.18   0.08   0.02   0.19   0.05   3.15   0.92
  1988   0.42   0.85   0.20   0.09   0.02   0.20   0.04   3.30   1.05
  1989   0.35   0.66   0.19   0.07   0.02   0.15   0.04   2.70   0.88
  1990   0.35   0.62   0.17   0.07   0.02   0.15   0.04   2.68   0.80
  1991   0.56   1.07   0.28   0.15   0.04   0.24   0.07   4.50   1.41
  1992   0.54   1.06   0.28   0.09   0.03   0.21   0.06   4.38   1.32
  1993   0.60   1.23   0.32   0.10   0.03   0.24   0.07   4.57   1.45
  1994   0.48   0.86   0.28   0.06   0.02   0.18   0.05   3.17   1.13
  1995   0.51   0.88   0.29   0.07   0.02   0.18   0.06   3.34   1.13
  1996   0.49   0.93   0.28   0.08   0.02   0.19   0.06   3.64   1.21
  1997   0.45   0.91   0.26   0.08   0.03   0.19   0.05   3.77   1.20
  1998   0.42   1.03   0.24   0.09   0.03   0.20   0.06   3.66   1.16
  1999   0.40   1.11   0.22   0.10   0.03   0.23   0.05   4.19   1.11
  2000   0.30   1.05   0.16   0.09   0.02   0.19   0.03   4.03   0.93
  2001   0.36   0.99   0.17   0.10   0.02   0.20   0.04   4.08   0.96
  2002   0.49   1.29   0.23   0.12   0.03   0.26   0.05   4.62   1.11
  2003   0.65   1.77   0.32   0.12   0.04   0.29   0.07   5.62   1.48
  2004   0.52   1.11   0.27   0.10   0.03   0.23   0.06   4.10   1.26
  2005   0.49   0.93   0.25   0.09   0.03   0.19   0.06   3.72   1.37
  2006   0.43   0.81   0.22   0.08   0.03   0.17   0.05   3.29   1.16
  2007   0.42   0.73   0.21   0.09   0.03   0.16   0.05   3.37   1.17
  2008   0.44   0.78   0.19   0.11   0.03   0.17   0.04   4.66   1.07
  2009   0.86   1.72   0.36   0.23   0.05   0.37   0.08   8.80   2.17
  2010   0.61   1.13   0.27   0.12   0.03   0.21   0.05   5.26   1.12
  2011   0.63   1.08   0.26   0.11   0.02   0.20   0.05   5.05   1.15
  2012   0.79   1.53   0.32   0.16   0.04   0.28   0.06   6.34   1.59
  2013   0.70   1.27   0.27   0.13   0.03   0.24   0.05   5.54   1.55
  2014   0.59   1.09   0.22   0.11   0.03   0.19   0.04   4.72   1.22
  2015   0.60   1.11   0.22   0.11   0.03   0.19   0.04   5.49   1.28
  2016   0.62   1.18   0.20   0.10   0.03   0.19   0.04   5.05   1.19
  2017   0.62   1.15   0.21   0.10   0.02   0.17   0.04   4.86   1.21
  2018   0.55   1.02   0.19   0.09   0.02   0.16   0.04   4.60   1.14
  2019   0.69   1.33   0.22   0.15   0.03   0.24   0.05   5.72   1.37
  2020   0.60   1.21   0.18   0.11   0.02   0.20   0.04   5.55   1.19
  2021   0.59   1.34   0.15   0.12   0.02   0.22   0.03   5.56   0.82
  2022   0.51   1.15   0.13   0.10   0.01   0.18   0.02   5.58   0.81
  2023   0.65   1.43   0.19   0.18   0.03   0.27   0.04   6.73   1.20
  2024   0.59   1.31   0.19   0.15   0.02   0.25   0.04   6.11   1.22
  2025   0.59   1.29   0.18   0.13   0.02   0.22   0.04   6.16   1.20

      Value-Weight Ratios      All 4 Data Items Required
               -- BE/ME --   --- E/P ---   --- CE/P --   --- Yld ---
         Mkt   High    Low   High    Low   High    Low   High    Low
  1975   1.13   1.96   0.61   0.24   0.07   0.51   0.14   8.74   3.51
  1976   0.85   1.56   0.48   0.14   0.05   0.38   0.10   7.08   2.41
  1977   0.86   1.56   0.51   0.13   0.04   0.37   0.11   7.19   2.15
  1978   0.87   1.49   0.48   0.15   0.05   0.38   0.11   6.78   2.36
  1979   0.82   1.38   0.46   0.14   0.05   0.34   0.10   6.37   2.35
  1980   0.86   1.63   0.50   0.16   0.06   0.37   0.12   7.35   2.60
  1981   0.81   1.66   0.47   0.17   0.05   0.38   0.11   7.34   2.35
  1982   0.80   1.48   0.44   0.15   0.05   0.35   0.10   6.89   2.06
  1983   0.78   1.52   0.41   0.13   0.04   0.36   0.09   6.72   1.78
  1984   0.63   1.09   0.32   0.11   0.03   0.27   0.07   5.03   1.43
  1985   0.61   1.02   0.31   0.11   0.04   0.26   0.07   4.70   1.37
  1986   0.55   0.95   0.28   0.11   0.03   0.24   0.06   4.21   1.29
  1987   0.44   0.83   0.21   0.08   0.02   0.19   0.05   3.10   0.98
  1988   0.44   0.83   0.22   0.08   0.02   0.20   0.04   3.23   1.08
  1989   0.38   0.67   0.20   0.07   0.03   0.15   0.05   2.67   0.97
  1990   0.37   0.64   0.19   0.07   0.02   0.15   0.04   2.68   0.90
  1991   0.56   1.06   0.29   0.17   0.04   0.24   0.07   4.52   1.47
  1992   0.54   1.02   0.30   0.09   0.03   0.22   0.06   4.33   1.37
  1993   0.59   1.14   0.32   0.09   0.03   0.24   0.07   4.49   1.49
  1994   0.47   0.83   0.28   0.06   0.02   0.18   0.06   3.18   1.19
  1995   0.48   0.83   0.29   0.07   0.02   0.18   0.06   3.28   1.20
  1996   0.47   0.86   0.28   0.08   0.03   0.19   0.06   3.52   1.25
  1997   0.42   0.85   0.25   0.08   0.03   0.19   0.05   3.62   1.21
  1998   0.39   0.96   0.22   0.09   0.03   0.20   0.06   3.64   1.16
  1999   0.36   1.03   0.20   0.10   0.03   0.22   0.05   4.34   1.09
  2000   0.25   0.94   0.13   0.09   0.02   0.19   0.03   4.03   0.92
  2001   0.33   0.90   0.15   0.10   0.02   0.20   0.04   3.77   0.89
  2002   0.45   1.12   0.20   0.12   0.03   0.28   0.05   4.64   0.98
  2003   0.57   1.47   0.30   0.13   0.04   0.28   0.07   5.15   1.41
  2004   0.49   1.06   0.25   0.10   0.03   0.23   0.06   4.02   1.25
  2005   0.46   0.89   0.25   0.08   0.03   0.19   0.06   3.58   1.36
  2006   0.41   0.82   0.21   0.08   0.03   0.17   0.05   3.32   1.11
  2007   0.38   0.70   0.20   0.08   0.03   0.16   0.05   3.39   1.13
  2008   0.43   0.76   0.19   0.11   0.03   0.17   0.05   4.54   1.09
  2009   0.84   1.65   0.36   0.23   0.05   0.36   0.08   8.45   2.16
  2010   0.56   0.96   0.26   0.12   0.03   0.22   0.06   5.19   1.19
  2011   0.61   1.02   0.25   0.11   0.02   0.20   0.05   4.95   1.20
  2012   0.77   1.44   0.32   0.16   0.04   0.28   0.07   6.26   1.59
  2013   0.66   1.18   0.27   0.13   0.03   0.23   0.06   5.39   1.54
  2014   0.57   1.05   0.21   0.11   0.03   0.19   0.05   4.68   1.22
  2015   0.58   1.06   0.22   0.11   0.03   0.19   0.05   5.29   1.25
  2016   0.60   1.14   0.20   0.10   0.03   0.19   0.05   4.95   1.20
  2017   0.58   1.07   0.21   0.10   0.03   0.17   0.05   4.78   1.22
  2018   0.54   0.98   0.19   0.09   0.02   0.16   0.04   4.50   1.12
  2019   0.68   1.27   0.22   0.15   0.03   0.24   0.05   5.67   1.42
  2020   0.59   1.17   0.18   0.11   0.02   0.20   0.04   5.50   1.21
  2021   0.59   1.33   0.15   0.12   0.02   0.22   0.03   5.41   0.84
  2022   0.48   1.11   0.13   0.10   0.01   0.18   0.03   5.36   0.84
  2023   0.64   1.40   0.19   0.17   0.03   0.27   0.05   6.87   1.22
  2024   0.58   1.22   0.19   0.15   0.02   0.25   0.04   6.06   1.26
  2025   0.57   1.22   0.18   0.13   0.02   0.22   0.04   6.00   1.19

Copyright 2026 Kenneth R. French
